-- MySQL dump 10.13  Distrib 8.3.0, for Win64 (x86_64)
--
-- Host: localhost    Database: SaintSeiyaDeckbuilding
-- ------------------------------------------------------
-- Server version	8.3.0

/*!40101 SET @OLD_CHARACTER_SET_CLIENT=@@CHARACTER_SET_CLIENT */;
/*!40101 SET @OLD_CHARACTER_SET_RESULTS=@@CHARACTER_SET_RESULTS */;
/*!40101 SET @OLD_COLLATION_CONNECTION=@@COLLATION_CONNECTION */;
/*!50503 SET NAMES utf8mb4 */;
/*!40103 SET @OLD_TIME_ZONE=@@TIME_ZONE */;
/*!40103 SET TIME_ZONE='+00:00' */;
/*!40014 SET @OLD_UNIQUE_CHECKS=@@UNIQUE_CHECKS, UNIQUE_CHECKS=0 */;
/*!40014 SET @OLD_FOREIGN_KEY_CHECKS=@@FOREIGN_KEY_CHECKS, FOREIGN_KEY_CHECKS=0 */;
/*!40101 SET @OLD_SQL_MODE=@@SQL_MODE, SQL_MODE='NO_AUTO_VALUE_ON_ZERO' */;
/*!40111 SET @OLD_SQL_NOTES=@@SQL_NOTES, SQL_NOTES=0 */;

--
-- Table structure for table `attacks`
--

DROP TABLE IF EXISTS `attacks`;
/*!40101 SET @saved_cs_client     = @@character_set_client */;
/*!50503 SET character_set_client = utf8mb4 */;
CREATE TABLE `attacks` (
  `id` bigint unsigned NOT NULL AUTO_INCREMENT,
  `name` varchar(100) COLLATE utf8mb4_unicode_ci NOT NULL,
  `description` text COLLATE utf8mb4_unicode_ci,
  `damage` int unsigned NOT NULL,
  `endurance_cost` int unsigned NOT NULL DEFAULT '0',
  `cosmos_cost` int unsigned NOT NULL DEFAULT '0',
  `effect_type` enum('none','burn','freeze','stun','heal','buff_attack','buff_defense','debuff','drain') COLLATE utf8mb4_unicode_ci NOT NULL DEFAULT 'none',
  `effect_value` int unsigned NOT NULL DEFAULT '0',
  `created_at` timestamp NULL DEFAULT NULL,
  `updated_at` timestamp NULL DEFAULT NULL,
  PRIMARY KEY (`id`)
) ENGINE=InnoDB AUTO_INCREMENT=90 DEFAULT CHARSET=utf8mb4 COLLATE=utf8mb4_unicode_ci;
/*!40101 SET character_set_client = @saved_cs_client */;

--
-- Dumping data for table `attacks`
--

LOCK TABLES `attacks` WRITE;
/*!40000 ALTER TABLE `attacks` DISABLE KEYS */;
INSERT INTO `attacks` VALUES (1,'Pegasus Ryusei Ken','Les météores de Pégase ! Une pluie de coups à la vitesse de la lumière.',80,20,2,'none',0,'2026-01-04 18:31:04','2026-01-28 20:06:24'),(2,'Pegasus Suisei Ken','Le poing de la comète de Pégase, une attaque concentrée dévastatrice.',120,35,3,'stun',1,'2026-01-04 18:31:04','2026-01-28 20:06:24'),(3,'Pegasus Rolling Crash','Seiya saisit son ennemi et le projette violemment au sol.',100,30,2,'stun',1,'2026-01-04 18:31:04','2026-01-28 20:06:24'),(4,'Diamond Dust','Poussière de Diamant ! Une attaque glaciale qui gèle tout sur son passage.',75,25,2,'freeze',2,'2026-01-04 18:31:04','2026-01-28 20:06:24'),(5,'Aurora Thunder Attack','L\'attaque du tonnerre de l\'Aurore, combinant glace et foudre.',100,30,3,'freeze',1,'2026-01-04 18:31:04','2026-01-28 20:06:24'),(6,'Kholodnyi Smerch','La Tornade Glaciale, technique secrète transmise par Camus.',140,40,4,'freeze',2,'2026-01-04 18:31:04','2026-01-28 20:06:24'),(7,'Rozan Sho Ryu Ha','Le Dragon Ascendant ! La puissance du dragon de Rozan.',90,25,2,'buff_attack',10,'2026-01-04 18:31:04','2026-01-28 20:06:24'),(8,'Rozan Hyaku Ryu Ha','Les Cent Dragons de Rozan ! Une attaque ultime libérant la puissance maximale.',150,50,5,'none',0,'2026-01-04 18:31:04','2026-01-28 20:06:24'),(9,'Rozan Ko Ryu Ha','Le Dragon Furieux, technique sacrificielle de Dohko.',180,60,5,'drain',20,'2026-01-04 18:31:04','2026-01-28 20:06:24'),(10,'Nebula Chain','La Chaîne Nébulaire peut attaquer et défendre simultanément.',70,20,2,'buff_defense',15,'2026-01-04 18:31:04','2026-01-28 20:06:24'),(11,'Nebula Storm','La Tempête Nébulaire, déchaînant la puissance cosmique de la chaîne.',130,40,4,'debuff',15,'2026-01-04 18:31:04','2026-01-28 20:06:24'),(12,'Thunder Wave','La Vague de Tonnerre, une déferlante d\'énergie via la chaîne.',85,25,2,'stun',1,'2026-01-04 18:31:04','2026-01-28 20:06:24'),(13,'Phoenix Genma Ken','L\'Illusion Démoniaque du Phénix détruit l\'esprit de l\'adversaire.',60,30,4,'debuff',20,'2026-01-04 18:31:04','2026-01-28 20:06:24'),(14,'Ho Yoku Tensho','Les Ailes Ardentes du Phénix ! Une explosion de flammes dévastatrice.',160,45,4,'burn',20,'2026-01-04 18:31:04','2026-01-28 20:06:24'),(15,'Thunder Claw','Les griffes foudroyantes du Phénix.',85,20,2,'burn',10,'2026-01-04 18:31:04','2026-01-28 20:06:24'),(16,'Stardust Revolution','La Révolution Stellaire, une pluie d\'étoiles dévastatrice.',170,40,4,'none',0,'2026-01-04 18:31:04','2026-01-28 20:06:24'),(17,'Crystal Wall','Le Mur de Cristal, une barrière protectrice impénétrable.',0,30,3,'buff_defense',50,'2026-01-04 18:31:04','2026-01-28 20:06:24'),(18,'Starlight Extinction','L\'Extinction Stellaire, téléporte l\'ennemi dans une autre dimension.',200,55,6,'none',0,'2026-01-04 18:31:04','2026-01-28 20:06:24'),(19,'Great Horn','La Grande Corne ! Une attaque frontale d\'une puissance dévastatrice.',180,35,3,'stun',2,'2026-01-04 18:31:04','2026-01-28 20:06:24'),(20,'Titan\'s Nova','La Nova du Titan, concentrant toute la force d\'Aldébaran.',220,50,5,'none',0,'2026-01-04 18:31:04','2026-01-28 20:06:24'),(21,'Galaxian Explosion','L\'Explosion Galactique ! L\'attaque ultime des Gémeaux.',200,50,5,'none',0,'2026-01-04 18:31:04','2026-01-28 20:06:24'),(22,'Another Dimension','Une Autre Dimension ! Envoie l\'ennemi dans un espace parallèle.',150,45,5,'debuff',25,'2026-01-04 18:31:04','2026-01-28 20:06:24'),(23,'Demon Emperor Fist','Le Poing de l\'Empereur Démoniaque, technique du Saga maléfique.',140,40,4,'debuff',30,'2026-01-04 18:31:04','2026-01-28 20:06:24'),(24,'Sekishiki Meikai Ha','Les Vagues de l\'Enfer ! Envoie l\'âme de l\'ennemi au Yomotsu.',160,45,5,'drain',25,'2026-01-04 18:31:04','2026-01-28 20:06:24'),(25,'Praesepe Underworld Waves','Les Vagues Infernales de Praesepe, invoquant les âmes des morts.',180,50,5,'debuff',20,'2026-01-04 18:31:04','2026-01-28 20:06:24'),(26,'Lightning Bolt','L\'éclair du Lion, une attaque à la vitesse de la lumière.',130,30,3,'none',0,'2026-01-04 18:31:04','2026-01-28 20:06:24'),(27,'Lightning Plasma','Plasma Foudroyant ! Des milliards de volts concentrés.',180,45,4,'stun',2,'2026-01-04 18:31:04','2026-01-28 20:06:24'),(28,'Photon Burst','L\'Éclat de Photons, libérant l\'énergie pure du Lion.',200,50,5,'burn',15,'2026-01-04 18:31:04','2026-01-28 20:06:24'),(29,'Tenbu Horin','Le Trésor du Ciel ! Retire les 5 sens de l\'adversaire un par un.',190,50,6,'debuff',40,'2026-01-04 18:31:04','2026-01-28 20:06:24'),(30,'Tenma Kofuku','La Soumission Démoniaque, forçant l\'ennemi à se soumettre.',160,45,5,'stun',3,'2026-01-04 18:31:04','2026-01-28 20:06:24'),(31,'Rikudo Rinne','Les Six Mondes de la Réincarnation, technique interdite suprême.',250,70,7,'drain',40,'2026-01-04 18:31:04','2026-01-28 20:06:24'),(32,'Rozan Hyaku Ryu Ha Master','Les Cent Dragons de Rozan ! L\'attaque ultime du vieux maître.',190,50,5,'none',0,'2026-01-04 18:31:04','2026-01-28 20:06:24'),(33,'Rozan Ko Ryu Ha Master','Le Dragon Furieux, technique sacrificielle millénaire.',220,60,6,'drain',30,'2026-01-04 18:31:04','2026-01-28 20:06:24'),(34,'Scarlet Needle','L\'Aiguille Écarlate du Scorpion, 15 piqûres mortelles.',95,25,3,'burn',15,'2026-01-04 18:31:04','2026-01-28 20:06:24'),(35,'Scarlet Needle Antares','Antarès ! La 15ème et ultime piqûre, coup de grâce mortel.',200,50,5,'burn',30,'2026-01-04 18:31:04','2026-01-28 20:06:24'),(36,'Restriction','Restriction, paralysant les mouvements de l\'adversaire.',50,30,4,'stun',3,'2026-01-04 18:31:04','2026-01-28 20:06:24'),(37,'Atomic Thunderbolt','La Foudre Atomique ! Une pluie de flèches cosmiques.',190,45,5,'none',0,'2026-01-04 18:31:04','2026-01-28 20:06:24'),(38,'Infinity Break','La Brisure de l\'Infini, transcendant les limites du cosmos.',230,55,6,'buff_attack',25,'2026-01-04 18:31:04','2026-01-28 20:06:24'),(39,'Excalibur','La légendaire épée Excalibur, capable de tout trancher.',160,35,3,'none',0,'2026-01-04 18:31:04','2026-01-28 20:06:24'),(40,'Jumping Stone','La Pierre Sauteuse, une technique de mouvement éclair.',120,25,3,'buff_attack',15,'2026-01-04 18:31:04','2026-01-28 20:06:25'),(41,'Aurora Execution','L\'Exécution de l\'Aurore, le zéro absolu.',190,45,5,'freeze',3,'2026-01-04 18:31:04','2026-01-28 20:06:25'),(42,'Freezing Coffin','Le Cercueil de Glace, emprisonnant l\'ennemi dans la glace éternelle.',100,40,4,'freeze',4,'2026-01-04 18:31:04','2026-01-28 20:06:25'),(43,'Royal Demon Rose','Les Roses Démoniaques Royales, drainant le sang de l\'ennemi.',150,35,4,'drain',20,'2026-01-04 18:31:04','2026-01-28 20:06:25'),(44,'Piranha Rose','Les Roses Piranhas, dévorant tout sur leur passage.',170,40,4,'burn',15,'2026-01-04 18:31:04','2026-01-28 20:06:25'),(45,'Bloody Rose','La Rose Sanglante, l\'ultime rose visant le cœur.',200,50,5,'drain',30,'2026-01-04 18:31:04','2026-01-28 20:06:25'),(46,'Rolling Oar','La Rame Tourbillonnante, l\'arme mortelle du passeur des Enfers.',120,30,3,'stun',2,'2026-01-04 18:31:04','2026-01-28 20:06:25'),(47,'Eddying Current Crusher','Le Broyeur de Courant, créant un tourbillon dévastateur.',150,40,4,'debuff',15,'2026-01-04 18:31:04','2026-01-28 20:06:25'),(48,'Cursed Thorn','L\'Épine Maudite, empoisonnant l\'adversaire.',110,30,3,'burn',20,'2026-01-04 18:31:04','2026-01-28 20:06:25'),(49,'Blood Flower Scissors','Les Ciseaux de la Fleur de Sang, tranchant comme des lames.',140,35,4,'drain',15,'2026-01-04 18:31:04','2026-01-28 20:06:25'),(50,'Reincarnation','Réincarnation, technique manipulant l\'âme de l\'adversaire.',100,35,4,'debuff',25,'2026-01-04 18:31:04','2026-01-28 20:06:25'),(51,'Fire Whip','Le Fouet de Feu, une arme enflammée redoutable.',130,30,3,'burn',15,'2026-01-04 18:31:04','2026-01-28 20:06:25'),(52,'Annihilation Flap','Le Battement d\'Annihilation, créant des ondes destructrices.',145,35,4,'none',0,'2026-01-04 18:31:04','2026-01-28 20:06:25'),(53,'Deadly Poison Breath','Le Souffle Empoisonné Mortel du Basilic.',120,30,3,'burn',25,'2026-01-04 18:31:04','2026-01-28 20:06:25'),(54,'Deep Fragrance','Le Parfum Profond, endormant l\'adversaire.',90,25,3,'stun',3,'2026-01-04 18:31:04','2026-01-28 20:06:25'),(55,'Deep Sleep','Le Sommeil Profond, plongeant dans un coma éternel.',130,40,4,'stun',4,'2026-01-04 18:31:04','2026-01-28 20:06:25'),(56,'Garuda Flap','Le Battement du Garuda, créant des tornades dévastatrices.',175,45,5,'none',0,'2026-01-04 18:31:04','2026-01-28 20:06:25'),(57,'Galactica Illusion','L\'Illusion Galactique, piégeant l\'esprit de l\'ennemi.',150,40,5,'debuff',25,'2026-01-04 18:31:04','2026-01-28 20:06:25'),(58,'Gigantic Feathers Flap','Le Battement des Plumes Gigantesques.',160,40,4,'stun',2,'2026-01-04 18:31:04','2026-01-28 20:06:25'),(59,'Black Death Fist','Le Poing de la Mort Noire, brisant tout sur son passage.',180,45,4,'none',0,'2026-01-04 18:31:04','2026-01-28 20:06:25'),(60,'Cosmic Marionettion','La Marionnette Cosmique, contrôlant le corps de l\'ennemi.',140,45,5,'stun',3,'2026-01-04 18:31:04','2026-01-28 20:06:25'),(61,'Griffon Feathers Flap','Le Battement des Plumes du Griffon.',185,45,5,'none',0,'2026-01-04 18:31:04','2026-01-28 20:06:25'),(62,'Greed the Life','L\'Avidité de Vie, absorbant l\'énergie vitale.',130,35,4,'drain',25,'2026-01-04 18:31:04','2026-01-28 20:06:25'),(63,'Sweet Chocolate','Doux Chocolat, une technique séductrice mortelle.',110,30,3,'debuff',20,'2026-01-04 18:31:05','2026-01-28 20:06:25'),(64,'Balance of Curse','La Balance de la Malédiction, jugeant les âmes.',155,40,5,'debuff',20,'2026-01-04 18:31:05','2026-01-28 20:06:25'),(65,'Dark Serenade','La Sérénade Sombre, une mélodie envoûtante mortelle.',140,35,4,'stun',2,'2026-01-04 18:31:05','2026-01-28 20:06:25'),(66,'Fairy Thronging','L\'Essaim de Fées, une nuée de papillons mortels.',135,35,4,'burn',15,'2026-01-04 18:31:05','2026-01-28 20:06:25'),(67,'Silky Thread','Le Fil de Soie, emprisonnant l\'adversaire.',100,30,3,'stun',2,'2026-01-04 18:31:05','2026-01-28 20:06:25'),(68,'Ugly Eruption','L\'Éruption Hideuse, révélant la vraie forme du Papillon.',170,45,5,'none',0,'2026-01-04 18:31:05','2026-01-28 20:06:25'),(69,'Balance of Curse Sphinx','La Balance de la Malédiction, pesant les âmes des défunts.',160,40,5,'debuff',25,'2026-01-04 18:31:05','2026-01-28 20:06:25'),(70,'Harp of Hades','La Harpe d\'Hadès, une mélodie funeste.',140,35,4,'stun',2,'2026-01-04 18:31:05','2026-01-28 20:06:25'),(71,'Greatest Caution','La Plus Grande Prudence ! L\'attaque suprême de Rhadamanthe.',185,45,5,'debuff',15,'2026-01-04 18:31:05','2026-01-28 20:06:25'),(72,'Athena Exclamation','L\'Exclamation d\'Athéna, technique interdite des Chevaliers d\'Or.',280,70,7,'none',0,'2026-01-04 18:31:05','2026-01-28 20:06:25'),(73,'Aegis Shield','Le Bouclier Égide, protection divine absolue.',0,40,5,'buff_defense',100,'2026-01-04 18:31:05','2026-01-28 20:06:25'),(74,'Nike Staff','Le Bâton de Niké, canalisant le cosmos divin d\'Athéna.',180,45,5,'heal',50,'2026-01-04 18:31:05','2026-01-28 20:06:25'),(75,'Athena Blessing','La bénédiction d\'Athéna restaure la vie de l\'allié.',0,40,4,'heal',80,'2026-01-04 18:31:05','2026-01-28 20:06:25'),(76,'Terrible Providence','La Providence Terrible d\'Hadès, anéantissant tout.',250,60,6,'drain',30,'2026-01-04 18:31:05','2026-01-28 20:06:25'),(77,'Greatest Eclipse','La Plus Grande Éclipse, plongeant le monde dans les ténèbres.',220,55,6,'debuff',35,'2026-01-04 18:31:05','2026-01-28 20:06:25'),(78,'Sword of Hades','L\'Épée d\'Hadès, l\'arme du dieu des Enfers.',200,50,5,'drain',25,'2026-01-04 18:31:05','2026-01-28 20:06:25'),(79,'Poseidon\'s Wrath','La Colère de Poséidon, déchaînant les océans.',240,55,6,'none',0,'2026-01-04 18:31:05','2026-01-28 20:06:25'),(80,'Tidal Wave','Le Raz-de-Marée, submergeant tout sur son passage.',200,50,5,'stun',3,'2026-01-04 18:31:05','2026-01-28 20:06:25'),(81,'Trident Strike','Le Coup du Trident, l\'arme divine du dieu des mers.',180,45,5,'freeze',2,'2026-01-04 18:31:05','2026-01-28 20:06:25'),(82,'Eternal Drowsiness','La Somnolence Éternelle, plongeant dans un sommeil sans fin.',180,50,6,'stun',5,'2026-01-04 18:31:05','2026-01-28 20:06:25'),(83,'Encounter Another Field','Rencontre dans un Autre Champ, projection dans les rêves.',200,55,6,'debuff',30,'2026-01-04 18:31:05','2026-01-28 20:06:25'),(84,'Thanatos Terrible Providence','La Providence Terrible de Thanatos, main de la mort.',230,55,6,'drain',25,'2026-01-04 18:31:05','2026-01-28 20:06:25'),(85,'Tartarus Phobia','La Phobie du Tartare, invoquant les terreurs des Enfers.',210,50,6,'debuff',35,'2026-01-04 18:31:05','2026-01-28 20:06:25'),(86,'Death Touch','Le Toucher de la Mort, fauche instantanée.',250,60,6,'none',0,'2026-01-04 18:31:05','2026-01-28 20:06:25'),(87,'Coup de poing','Un coup de poing basique',15,5,0,'none',0,'2026-01-31 12:37:28','2026-01-31 12:37:28'),(88,'Garde','Position défensive',0,0,0,'buff_defense',5,'2026-01-31 12:37:28','2026-01-31 12:37:28'),(89,'Odin\'s Light','Hilda canalise la lumière divine d\'Odin pour protéger ses guerriers.',80,30,4,'heal',30,'2026-01-31 18:04:21','2026-01-31 18:04:21');
/*!40000 ALTER TABLE `attacks` ENABLE KEYS */;
UNLOCK TABLES;

--
-- Table structure for table `battles`
--

DROP TABLE IF EXISTS `battles`;
/*!40101 SET @saved_cs_client     = @@character_set_client */;
/*!50503 SET character_set_client = utf8mb4 */;
CREATE TABLE `battles` (
  `id` bigint unsigned NOT NULL AUTO_INCREMENT,
  `player1_id` bigint unsigned NOT NULL,
  `player2_id` bigint unsigned DEFAULT NULL,
  `player1_deck_id` bigint unsigned NOT NULL,
  `player2_deck_id` bigint unsigned DEFAULT NULL,
  `battle_state` json DEFAULT NULL,
  `status` enum('waiting','in_progress','finished','cancelled') COLLATE utf8mb4_unicode_ci NOT NULL DEFAULT 'waiting',
  `winner_id` bigint unsigned DEFAULT NULL,
  `current_turn_user_id` bigint unsigned DEFAULT NULL,
  `turn_number` int NOT NULL DEFAULT '1',
  `last_action_at` timestamp NULL DEFAULT NULL,
  `started_at` timestamp NULL DEFAULT NULL,
  `finished_at` timestamp NULL DEFAULT NULL,
  `created_at` timestamp NULL DEFAULT NULL,
  `updated_at` timestamp NULL DEFAULT NULL,
  PRIMARY KEY (`id`),
  KEY `battles_player1_deck_id_foreign` (`player1_deck_id`),
  KEY `battles_player2_deck_id_foreign` (`player2_deck_id`),
  KEY `battles_winner_id_foreign` (`winner_id`),
  KEY `battles_current_turn_user_id_foreign` (`current_turn_user_id`),
  KEY `battles_status_index` (`status`),
  KEY `battles_player1_id_status_index` (`player1_id`,`status`),
  KEY `battles_player2_id_status_index` (`player2_id`,`status`),
  CONSTRAINT `battles_current_turn_user_id_foreign` FOREIGN KEY (`current_turn_user_id`) REFERENCES `users` (`id`) ON DELETE SET NULL,
  CONSTRAINT `battles_player1_deck_id_foreign` FOREIGN KEY (`player1_deck_id`) REFERENCES `decks` (`id`) ON DELETE CASCADE,
  CONSTRAINT `battles_player1_id_foreign` FOREIGN KEY (`player1_id`) REFERENCES `users` (`id`) ON DELETE CASCADE,
  CONSTRAINT `battles_player2_deck_id_foreign` FOREIGN KEY (`player2_deck_id`) REFERENCES `decks` (`id`) ON DELETE CASCADE,
  CONSTRAINT `battles_player2_id_foreign` FOREIGN KEY (`player2_id`) REFERENCES `users` (`id`) ON DELETE CASCADE,
  CONSTRAINT `battles_winner_id_foreign` FOREIGN KEY (`winner_id`) REFERENCES `users` (`id`) ON DELETE SET NULL
) ENGINE=InnoDB AUTO_INCREMENT=19 DEFAULT CHARSET=utf8mb4 COLLATE=utf8mb4_unicode_ci;
/*!40101 SET character_set_client = @saved_cs_client */;

--
-- Dumping data for table `battles`
--

LOCK TABLES `battles` WRITE;
/*!40000 ALTER TABLE `battles` DISABLE KEYS */;
INSERT INTO `battles` VALUES (1,3,4,2,3,'{\"turn\": 1, \"player1\": {\"deck\": [], \"hand\": [{\"id\": 34, \"cost\": 9, \"name\": \"Hypnos\", \"image\": \"/storage/cards/M3JuQrMN47B0G73Cgp6MS77BSnW4PsUKBuctM9qq.png\", \"power\": 88, \"max_hp\": 240, \"defense\": 42, \"faction\": {\"name\": \"Spectres d\'Hadès\", \"color_primary\": \"#4B0082\", \"color_secondary\": \"#1a0033\"}, \"endurance\": 115, \"current_hp\": 240, \"main_attack\": {\"name\": \"Eternal Drowsiness\", \"damage\": 180, \"cosmos_cost\": 55, \"endurance_cost\": 50}, \"has_attacked\": false, \"health_points\": 240, \"current_endurance\": 115}, {\"id\": 10, \"cost\": 7, \"name\": \"Aiolia du Lion\", \"image\": \"/storage/cards/4SIGxZc599rT7kNNRtbQtr1pHnfr5nOJwbq9Hf5W.jpg\", \"power\": 75, \"max_hp\": 180, \"defense\": 35, \"faction\": {\"name\": \"Chevaliers d\'Or\", \"color_primary\": \"#FFD700\", \"color_secondary\": \"#DAA520\"}, \"endurance\": 100, \"current_hp\": 180, \"main_attack\": {\"name\": \"Lightning Plasma\", \"damage\": 180, \"cosmos_cost\": 40, \"endurance_cost\": 45}, \"has_attacked\": false, \"health_points\": 180, \"current_endurance\": 100}, {\"id\": 12, \"cost\": 8, \"name\": \"Dohko de la Balance\", \"image\": \"/storage/cards/dTwTyvKTDYtRZ63w7XYE6mPiFtdxFre1LYcUSP9o.webp\", \"power\": 75, \"max_hp\": 190, \"defense\": 40, \"faction\": {\"name\": \"Chevaliers d\'Or\", \"color_primary\": \"#FFD700\", \"color_secondary\": \"#DAA520\"}, \"endurance\": 110, \"current_hp\": 190, \"main_attack\": {\"name\": \"Rozan Hyaku Ryu Ha Master\", \"damage\": 190, \"cosmos_cost\": 45, \"endurance_cost\": 50}, \"has_attacked\": false, \"health_points\": 190, \"current_endurance\": 110}, {\"id\": 2, \"cost\": 4, \"name\": \"Hyoga du Cygne\", \"image\": \"/storage/cards/A7Q3AXaicmF6PqjdangSUgNcDYBaV6EC4Jq1ipFC.webp\", \"power\": 40, \"max_hp\": 110, \"defense\": 20, \"faction\": {\"name\": \"Chevaliers de Bronze\", \"color_primary\": \"#CD7F32\", \"color_secondary\": \"#8B4513\"}, \"endurance\": 75, \"current_hp\": 110, \"main_attack\": {\"name\": \"Diamond Dust\", \"damage\": 75, \"cosmos_cost\": 20, \"endurance_cost\": 25}, \"has_attacked\": false, \"health_points\": 110, \"current_endurance\": 75}], \"field\": [{\"id\": 22, \"cost\": 3, \"name\": \"Niobe de Deep\", \"image\": \"/storage/cards/WIWxBuPbi4NsFxkqyA0TciZG9BioNgiODGlrrBGj.jpg\", \"power\": 45, \"max_hp\": 110, \"defense\": 18, \"faction\": {\"name\": \"Spectres d\'Hadès\", \"color_primary\": \"#4B0082\", \"color_secondary\": \"#1a0033\"}, \"endurance\": 70, \"current_hp\": 110, \"main_attack\": {\"name\": \"Deep Fragrance\", \"damage\": 90, \"cosmos_cost\": 30, \"endurance_cost\": 25}, \"has_attacked\": false, \"health_points\": 110, \"current_endurance\": 70}, {\"id\": 5, \"cost\": 5, \"name\": \"Ikki du Phenix\", \"image\": \"/storage/cards/sw4NqrUquD9A2pwxuGpGN2lUC4yn4fOSq7pFyRqb.webp\", \"power\": 55, \"max_hp\": 140, \"defense\": 18, \"faction\": {\"name\": \"Chevaliers de Bronze\", \"color_primary\": \"#CD7F32\", \"color_secondary\": \"#8B4513\"}, \"endurance\": 90, \"current_hp\": 140, \"main_attack\": {\"name\": \"Ho Yoku Tensho\", \"damage\": 160, \"cosmos_cost\": 40, \"endurance_cost\": 45}, \"has_attacked\": false, \"health_points\": 140, \"current_endurance\": 90}], \"cosmos\": 6, \"max_cosmos\": 6}, \"player2\": {\"deck\": [], \"hand\": [{\"id\": 9, \"cost\": 6, \"name\": \"Death Mask du Cancer\", \"image\": \"/storage/cards/tt7p1AoaYpQfivM9Q4oF0yjH9RCaBwkMFi3x6UzA.webp\", \"power\": 70, \"max_hp\": 165, \"defense\": 28, \"faction\": {\"name\": \"Chevaliers d\'Or\", \"color_primary\": \"#FFD700\", \"color_secondary\": \"#DAA520\"}, \"endurance\": 85, \"current_hp\": 165, \"main_attack\": {\"name\": \"Sekishiki Meikai Ha\", \"damage\": 160, \"cosmos_cost\": 45, \"endurance_cost\": 45}, \"has_attacked\": false, \"health_points\": 165, \"current_endurance\": 85}, {\"id\": 2, \"cost\": 4, \"name\": \"Hyoga du Cygne\", \"image\": \"/storage/cards/A7Q3AXaicmF6PqjdangSUgNcDYBaV6EC4Jq1ipFC.webp\", \"power\": 40, \"max_hp\": 110, \"defense\": 20, \"faction\": {\"name\": \"Chevaliers de Bronze\", \"color_primary\": \"#CD7F32\", \"color_secondary\": \"#8B4513\"}, \"endurance\": 75, \"current_hp\": 110, \"main_attack\": {\"name\": \"Diamond Dust\", \"damage\": 75, \"cosmos_cost\": 20, \"endurance_cost\": 25}, \"has_attacked\": false, \"health_points\": 110, \"current_endurance\": 75}], \"field\": [{\"id\": 1, \"cost\": 4, \"name\": \"Seiya de Pegase\", \"image\": \"/storage/cards/kR4cV7hpUVPsAr0ZAPWQNDwF96WTRhjtRoNPNyuv.webp\", \"power\": 45, \"max_hp\": 120, \"defense\": 15, \"faction\": {\"name\": \"Chevaliers de Bronze\", \"color_primary\": \"#CD7F32\", \"color_secondary\": \"#8B4513\"}, \"endurance\": 80, \"current_hp\": 120, \"main_attack\": {\"name\": \"Pegasus Ryusei Ken\", \"damage\": 80, \"cosmos_cost\": 15, \"endurance_cost\": 20}, \"has_attacked\": false, \"health_points\": 120, \"current_endurance\": 80}, {\"id\": 20, \"cost\": 5, \"name\": \"Lune de Balron\", \"image\": \"/storage/cards/8gsylTriMBUUlecXpzIUSH8rOBN3movIyVqWHPTV.jpg\", \"power\": 55, \"max_hp\": 140, \"defense\": 25, \"faction\": {\"name\": \"Spectres d\'Hadès\", \"color_primary\": \"#4B0082\", \"color_secondary\": \"#1a0033\"}, \"endurance\": 80, \"current_hp\": 140, \"main_attack\": {\"name\": \"Reincarnation\", \"damage\": 100, \"cosmos_cost\": 40, \"endurance_cost\": 35}, \"has_attacked\": false, \"health_points\": 140, \"current_endurance\": 80}], \"cosmos\": 7, \"max_cosmos\": 7}}','finished',3,4,8,'2026-01-28 20:06:54','2026-01-28 19:50:43','2026-01-28 20:08:31','2026-01-28 19:50:35','2026-01-28 20:08:31'),(2,4,3,3,2,'{\"turn\": 1, \"player1\": {\"deck\": [], \"hand\": [{\"id\": 2, \"cost\": 4, \"name\": \"Hyoga du Cygne\", \"image\": \"/storage/cards/A7Q3AXaicmF6PqjdangSUgNcDYBaV6EC4Jq1ipFC.webp\", \"power\": 40, \"max_hp\": 110, \"defense\": 20, \"faction\": {\"name\": \"Chevaliers de Bronze\", \"color_primary\": \"#CD7F32\", \"color_secondary\": \"#8B4513\"}, \"endurance\": 75, \"current_hp\": 110, \"main_attack\": {\"name\": \"Diamond Dust\", \"damage\": 75, \"cosmos_cost\": 2, \"endurance_cost\": 25}, \"has_attacked\": false, \"health_points\": 110, \"current_endurance\": 75}, {\"id\": 20, \"cost\": 5, \"name\": \"Lune de Balron\", \"image\": \"/storage/cards/8gsylTriMBUUlecXpzIUSH8rOBN3movIyVqWHPTV.jpg\", \"power\": 55, \"max_hp\": 140, \"defense\": 25, \"faction\": {\"name\": \"Spectres d\'Hadès\", \"color_primary\": \"#4B0082\", \"color_secondary\": \"#1a0033\"}, \"endurance\": 80, \"current_hp\": 140, \"main_attack\": {\"name\": \"Reincarnation\", \"damage\": 100, \"cosmos_cost\": 4, \"endurance_cost\": 35}, \"has_attacked\": false, \"health_points\": 140, \"current_endurance\": 80}, {\"id\": 9, \"cost\": 6, \"name\": \"Death Mask du Cancer\", \"image\": \"/storage/cards/tt7p1AoaYpQfivM9Q4oF0yjH9RCaBwkMFi3x6UzA.webp\", \"power\": 70, \"max_hp\": 165, \"defense\": 28, \"faction\": {\"name\": \"Chevaliers d\'Or\", \"color_primary\": \"#FFD700\", \"color_secondary\": \"#DAA520\"}, \"endurance\": 85, \"current_hp\": 165, \"main_attack\": {\"name\": \"Sekishiki Meikai Ha\", \"damage\": 160, \"cosmos_cost\": 5, \"endurance_cost\": 45}, \"has_attacked\": false, \"health_points\": 165, \"current_endurance\": 85}, {\"id\": 1, \"cost\": 4, \"name\": \"Seiya de Pegase\", \"image\": \"/storage/cards/kR4cV7hpUVPsAr0ZAPWQNDwF96WTRhjtRoNPNyuv.webp\", \"power\": 45, \"max_hp\": 120, \"defense\": 15, \"faction\": {\"name\": \"Chevaliers de Bronze\", \"color_primary\": \"#CD7F32\", \"color_secondary\": \"#8B4513\"}, \"endurance\": 80, \"current_hp\": 120, \"main_attack\": {\"name\": \"Pegasus Ryusei Ken\", \"damage\": 80, \"cosmos_cost\": 2, \"endurance_cost\": 20}, \"has_attacked\": false, \"health_points\": 120, \"current_endurance\": 80}], \"field\": [], \"cosmos\": 3, \"max_cosmos\": 3}, \"player2\": {\"deck\": [{\"id\": 10, \"cost\": 7, \"name\": \"Aiolia du Lion\", \"image\": \"/storage/cards/4SIGxZc599rT7kNNRtbQtr1pHnfr5nOJwbq9Hf5W.jpg\", \"power\": 75, \"max_hp\": 180, \"defense\": 35, \"faction\": {\"name\": \"Chevaliers d\'Or\", \"color_primary\": \"#FFD700\", \"color_secondary\": \"#DAA520\"}, \"endurance\": 100, \"current_hp\": 180, \"main_attack\": {\"name\": \"Lightning Plasma\", \"damage\": 180, \"cosmos_cost\": 4, \"endurance_cost\": 45}, \"has_attacked\": false, \"health_points\": 180, \"current_endurance\": 100}], \"hand\": [{\"id\": 22, \"cost\": 3, \"name\": \"Niobe de Deep\", \"image\": \"/storage/cards/WIWxBuPbi4NsFxkqyA0TciZG9BioNgiODGlrrBGj.jpg\", \"power\": 45, \"max_hp\": 110, \"defense\": 18, \"faction\": {\"name\": \"Spectres d\'Hadès\", \"color_primary\": \"#4B0082\", \"color_secondary\": \"#1a0033\"}, \"endurance\": 70, \"current_hp\": 110, \"main_attack\": {\"name\": \"Deep Fragrance\", \"damage\": 90, \"cosmos_cost\": 3, \"endurance_cost\": 25}, \"has_attacked\": false, \"health_points\": 110, \"current_endurance\": 70}, {\"id\": 2, \"cost\": 4, \"name\": \"Hyoga du Cygne\", \"image\": \"/storage/cards/A7Q3AXaicmF6PqjdangSUgNcDYBaV6EC4Jq1ipFC.webp\", \"power\": 40, \"max_hp\": 110, \"defense\": 20, \"faction\": {\"name\": \"Chevaliers de Bronze\", \"color_primary\": \"#CD7F32\", \"color_secondary\": \"#8B4513\"}, \"endurance\": 75, \"current_hp\": 110, \"main_attack\": {\"name\": \"Diamond Dust\", \"damage\": 75, \"cosmos_cost\": 2, \"endurance_cost\": 25}, \"has_attacked\": false, \"health_points\": 110, \"current_endurance\": 75}, {\"id\": 12, \"cost\": 8, \"name\": \"Dohko de la Balance\", \"image\": \"/storage/cards/dTwTyvKTDYtRZ63w7XYE6mPiFtdxFre1LYcUSP9o.webp\", \"power\": 75, \"max_hp\": 190, \"defense\": 40, \"faction\": {\"name\": \"Chevaliers d\'Or\", \"color_primary\": \"#FFD700\", \"color_secondary\": \"#DAA520\"}, \"endurance\": 110, \"current_hp\": 190, \"main_attack\": {\"name\": \"Rozan Hyaku Ryu Ha Master\", \"damage\": 190, \"cosmos_cost\": 5, \"endurance_cost\": 50}, \"has_attacked\": false, \"health_points\": 190, \"current_endurance\": 110}, {\"id\": 5, \"cost\": 5, \"name\": \"Ikki du Phenix\", \"image\": \"/storage/cards/sw4NqrUquD9A2pwxuGpGN2lUC4yn4fOSq7pFyRqb.webp\", \"power\": 55, \"max_hp\": 140, \"defense\": 18, \"faction\": {\"name\": \"Chevaliers de Bronze\", \"color_primary\": \"#CD7F32\", \"color_secondary\": \"#8B4513\"}, \"endurance\": 90, \"current_hp\": 140, \"main_attack\": {\"name\": \"Ho Yoku Tensho\", \"damage\": 160, \"cosmos_cost\": 4, \"endurance_cost\": 45}, \"has_attacked\": false, \"health_points\": 140, \"current_endurance\": 90}, {\"id\": 34, \"cost\": 9, \"name\": \"Hypnos\", \"image\": \"/storage/cards/M3JuQrMN47B0G73Cgp6MS77BSnW4PsUKBuctM9qq.png\", \"power\": 88, \"max_hp\": 240, \"defense\": 42, \"faction\": {\"name\": \"Spectres d\'Hadès\", \"color_primary\": \"#4B0082\", \"color_secondary\": \"#1a0033\"}, \"endurance\": 115, \"current_hp\": 240, \"main_attack\": {\"name\": \"Eternal Drowsiness\", \"damage\": 180, \"cosmos_cost\": 6, \"endurance_cost\": 50}, \"has_attacked\": false, \"health_points\": 240, \"current_endurance\": 115}], \"field\": [], \"cosmos\": 3, \"max_cosmos\": 3}}','finished',3,4,1,NULL,'2026-01-28 20:08:43','2026-01-28 20:11:45','2026-01-28 20:08:37','2026-01-28 20:11:45'),(3,4,3,3,2,'{\"turn\": 1, \"player1\": {\"deck\": [], \"hand\": [], \"field\": [], \"cosmos\": 5, \"max_cosmos\": 10}, \"player2\": {\"deck\": [], \"hand\": [{\"id\": 10, \"cost\": 7, \"name\": \"Aiolia du Lion\", \"image\": \"/storage/cards/4SIGxZc599rT7kNNRtbQtr1pHnfr5nOJwbq9Hf5W.jpg\", \"power\": 75, \"max_hp\": 180, \"defense\": 35, \"faction\": {\"name\": \"Chevaliers d\'Or\", \"color_primary\": \"#FFD700\", \"color_secondary\": \"#DAA520\"}, \"endurance\": 100, \"current_hp\": 180, \"main_attack\": {\"name\": \"Lightning Plasma\", \"damage\": 180, \"cosmos_cost\": 4, \"endurance_cost\": 45}, \"has_attacked\": false, \"health_points\": 180, \"current_endurance\": 100}, {\"id\": 2, \"cost\": 4, \"name\": \"Hyoga du Cygne\", \"image\": \"/storage/cards/A7Q3AXaicmF6PqjdangSUgNcDYBaV6EC4Jq1ipFC.webp\", \"power\": 40, \"max_hp\": 110, \"defense\": 20, \"faction\": {\"name\": \"Chevaliers de Bronze\", \"color_primary\": \"#CD7F32\", \"color_secondary\": \"#8B4513\"}, \"endurance\": 75, \"current_hp\": 110, \"main_attack\": {\"name\": \"Diamond Dust\", \"damage\": 75, \"cosmos_cost\": 2, \"endurance_cost\": 25}, \"has_attacked\": false, \"health_points\": 110, \"current_endurance\": 75}], \"field\": [{\"id\": 12, \"cost\": 8, \"name\": \"Dohko de la Balance\", \"image\": \"/storage/cards/dTwTyvKTDYtRZ63w7XYE6mPiFtdxFre1LYcUSP9o.webp\", \"power\": 75, \"max_hp\": 190, \"defense\": 40, \"faction\": {\"name\": \"Chevaliers d\'Or\", \"color_primary\": \"#FFD700\", \"color_secondary\": \"#DAA520\"}, \"endurance\": 110, \"current_hp\": 190, \"main_attack\": {\"name\": \"Rozan Hyaku Ryu Ha Master\", \"damage\": 190, \"cosmos_cost\": 5, \"endurance_cost\": 50}, \"has_attacked\": true, \"health_points\": 190, \"current_endurance\": 40}, {\"id\": 34, \"cost\": 9, \"name\": \"Hypnos\", \"image\": \"/storage/cards/M3JuQrMN47B0G73Cgp6MS77BSnW4PsUKBuctM9qq.png\", \"power\": 88, \"max_hp\": 240, \"defense\": 42, \"faction\": {\"name\": \"Spectres d\'Hadès\", \"color_primary\": \"#4B0082\", \"color_secondary\": \"#1a0033\"}, \"endurance\": 115, \"current_hp\": 52, \"main_attack\": {\"name\": \"Eternal Drowsiness\", \"damage\": 180, \"cosmos_cost\": 6, \"endurance_cost\": 50}, \"has_attacked\": false, \"health_points\": 240, \"current_endurance\": 115}], \"cosmos\": 5, \"max_cosmos\": 10}}','finished',3,3,14,'2026-01-28 20:22:29','2026-01-28 20:11:54','2026-01-28 20:22:29','2026-01-28 20:11:50','2026-01-28 20:22:29'),(4,1,4,1,3,'{\"turn\": 1, \"player1\": {\"deck\": [], \"hand\": [{\"id\": 15, \"cost\": 7, \"name\": \"Shura du Capricorne\", \"image\": \"/storage/cards/yxhrpiAAP31TZBHiKDtc0nRZnjaeb7mccC3FU81v.webp\", \"power\": 80, \"max_hp\": 175, \"defense\": 32, \"faction\": {\"name\": \"Chevaliers d\'Or\", \"color_primary\": \"#FFD700\", \"color_secondary\": \"#DAA520\"}, \"endurance\": 90, \"current_hp\": 175, \"main_attack\": {\"name\": \"Excalibur\", \"damage\": 160, \"cosmos_cost\": 3, \"endurance_cost\": 35}, \"has_attacked\": false, \"health_points\": 175, \"current_endurance\": 90}, {\"id\": 26, \"cost\": 4, \"name\": \"Valentine de la Harpie\", \"image\": \"/storage/cards/wF3IbgDMV5LcrO09kHUpyaShhiMrN0Skc6FQZBoF.jpg\", \"power\": 50, \"max_hp\": 120, \"defense\": 20, \"faction\": {\"name\": \"Spectres d\'Hadès\", \"color_primary\": \"#4B0082\", \"color_secondary\": \"#1a0033\"}, \"endurance\": 72, \"current_hp\": 120, \"main_attack\": {\"name\": \"Greed the Life\", \"damage\": 130, \"cosmos_cost\": 4, \"endurance_cost\": 35}, \"has_attacked\": false, \"health_points\": 120, \"current_endurance\": 72}, {\"id\": 5, \"cost\": 5, \"name\": \"Ikki du Phenix\", \"image\": \"/storage/cards/sw4NqrUquD9A2pwxuGpGN2lUC4yn4fOSq7pFyRqb.webp\", \"power\": 55, \"max_hp\": 140, \"defense\": 18, \"faction\": {\"name\": \"Chevaliers de Bronze\", \"color_primary\": \"#CD7F32\", \"color_secondary\": \"#8B4513\"}, \"endurance\": 90, \"current_hp\": 140, \"main_attack\": {\"name\": \"Ho Yoku Tensho\", \"damage\": 160, \"cosmos_cost\": 4, \"endurance_cost\": 45}, \"has_attacked\": false, \"health_points\": 140, \"current_endurance\": 90}, {\"id\": 29, \"cost\": 5, \"name\": \"Pharaoh du Sphinx\", \"image\": \"/storage/cards/C69slRM1ZoiT2ZmRLqxwsUWh2Ac7IR8WKNILkljD.jpg\", \"power\": 62, \"max_hp\": 155, \"defense\": 26, \"faction\": {\"name\": \"Spectres d\'Hadès\", \"color_primary\": \"#4B0082\", \"color_secondary\": \"#1a0033\"}, \"endurance\": 85, \"current_hp\": 155, \"main_attack\": {\"name\": \"Balance of Curse Sphinx\", \"damage\": 160, \"cosmos_cost\": 5, \"endurance_cost\": 40}, \"has_attacked\": false, \"health_points\": 155, \"current_endurance\": 85}, {\"id\": 27, \"cost\": 6, \"name\": \"Pandore\", \"image\": \"/storage/cards/8eOIRfehLEc4U5em0ah9PEpECBOsoa8x0Bj6bYBg.jpg\", \"power\": 60, \"max_hp\": 150, \"defense\": 28, \"faction\": {\"name\": \"Spectres d\'Hadès\", \"color_primary\": \"#4B0082\", \"color_secondary\": \"#1a0033\"}, \"endurance\": 85, \"current_hp\": 150, \"main_attack\": {\"name\": \"Balance of Curse\", \"damage\": 155, \"cosmos_cost\": 5, \"endurance_cost\": 40}, \"has_attacked\": false, \"health_points\": 150, \"current_endurance\": 85}, {\"id\": 23, \"cost\": 8, \"name\": \"Aiacos de Garuda\", \"image\": \"/storage/cards/7h4VH6nlsHF0KwSbMIgBM8XhPkiAZ7FQVkb1PL7C.jpg\", \"power\": 85, \"max_hp\": 195, \"defense\": 35, \"faction\": {\"name\": \"Spectres d\'Hadès\", \"color_primary\": \"#4B0082\", \"color_secondary\": \"#1a0033\"}, \"endurance\": 105, \"current_hp\": 195, \"main_attack\": {\"name\": \"Garuda Flap\", \"damage\": 175, \"cosmos_cost\": 5, \"endurance_cost\": 45}, \"has_attacked\": false, \"health_points\": 195, \"current_endurance\": 105}, {\"id\": 6, \"cost\": 6, \"name\": \"Mu du Belier\", \"image\": \"/storage/cards/baEWSrFhj1B3PgEP5nuff8XvQBZxE1CRv77HtvR3.webp\", \"power\": 65, \"max_hp\": 160, \"defense\": 40, \"faction\": {\"name\": \"Chevaliers d\'Or\", \"color_primary\": \"#FFD700\", \"color_secondary\": \"#DAA520\"}, \"endurance\": 80, \"current_hp\": 160, \"main_attack\": {\"name\": \"Stardust Revolution\", \"damage\": 170, \"cosmos_cost\": 4, \"endurance_cost\": 40}, \"has_attacked\": false, \"health_points\": 160, \"current_endurance\": 80}], \"field\": [{\"id\": 2, \"cost\": 4, \"name\": \"Hyoga du Cygne\", \"image\": \"/storage/cards/A7Q3AXaicmF6PqjdangSUgNcDYBaV6EC4Jq1ipFC.webp\", \"power\": 40, \"max_hp\": 110, \"defense\": 20, \"faction\": {\"name\": \"Chevaliers de Bronze\", \"color_primary\": \"#CD7F32\", \"color_secondary\": \"#8B4513\"}, \"endurance\": 75, \"current_hp\": 110, \"main_attack\": {\"name\": \"Diamond Dust\", \"damage\": 75, \"cosmos_cost\": 2, \"endurance_cost\": 25}, \"has_attacked\": false, \"health_points\": 110, \"current_endurance\": 75}, {\"id\": 22, \"cost\": 3, \"name\": \"Niobe de Deep\", \"image\": \"/storage/cards/WIWxBuPbi4NsFxkqyA0TciZG9BioNgiODGlrrBGj.jpg\", \"power\": 45, \"max_hp\": 110, \"defense\": 18, \"faction\": {\"name\": \"Spectres d\'Hadès\", \"color_primary\": \"#4B0082\", \"color_secondary\": \"#1a0033\"}, \"endurance\": 70, \"current_hp\": 13, \"main_attack\": {\"name\": \"Deep Fragrance\", \"damage\": 90, \"cosmos_cost\": 3, \"endurance_cost\": 25}, \"has_attacked\": true, \"health_points\": 110, \"current_endurance\": 45}], \"cosmos\": 7, \"max_cosmos\": 10}, \"player2\": {\"deck\": [], \"hand\": [], \"field\": [], \"cosmos\": 4, \"max_cosmos\": 10}}','finished',1,1,11,'2026-01-29 12:32:36','2026-01-29 12:18:56','2026-01-29 12:32:36','2026-01-29 12:17:42','2026-01-29 12:32:36'),(5,4,1,3,1,'{\"turn\": 1, \"player1\": {\"deck\": [], \"hand\": [], \"field\": [], \"cosmos\": 10, \"max_cosmos\": 10}, \"player2\": {\"deck\": [], \"hand\": [{\"id\": 26, \"cost\": 4, \"name\": \"Valentine de la Harpie\", \"image\": \"/storage/cards/wF3IbgDMV5LcrO09kHUpyaShhiMrN0Skc6FQZBoF.jpg\", \"power\": 50, \"max_hp\": 120, \"defense\": 20, \"faction\": {\"name\": \"Spectres d\'Hadès\", \"color_primary\": \"#4B0082\", \"color_secondary\": \"#1a0033\"}, \"endurance\": 72, \"current_hp\": 120, \"main_attack\": {\"name\": \"Greed the Life\", \"damage\": 130, \"cosmos_cost\": 4, \"endurance_cost\": 35}, \"has_attacked\": false, \"health_points\": 120, \"current_endurance\": 72}, {\"id\": 3, \"cost\": 4, \"name\": \"Shiryu du Dragon\", \"image\": \"/storage/cards/QBQ8EfnfcRxT7jGcROV2RPSplZZweN3EPmIDpDj9.webp\", \"power\": 42, \"max_hp\": 130, \"defense\": 25, \"faction\": {\"name\": \"Chevaliers de Bronze\", \"color_primary\": \"#CD7F32\", \"color_secondary\": \"#8B4513\"}, \"endurance\": 85, \"current_hp\": 130, \"main_attack\": {\"name\": \"Rozan Sho Ryu Ha\", \"damage\": 90, \"cosmos_cost\": 2, \"endurance_cost\": 25}, \"has_attacked\": false, \"health_points\": 130, \"current_endurance\": 85}, {\"id\": 29, \"cost\": 5, \"name\": \"Pharaoh du Sphinx\", \"image\": \"/storage/cards/C69slRM1ZoiT2ZmRLqxwsUWh2Ac7IR8WKNILkljD.jpg\", \"power\": 62, \"max_hp\": 155, \"defense\": 26, \"faction\": {\"name\": \"Spectres d\'Hadès\", \"color_primary\": \"#4B0082\", \"color_secondary\": \"#1a0033\"}, \"endurance\": 85, \"current_hp\": 155, \"main_attack\": {\"name\": \"Balance of Curse Sphinx\", \"damage\": 160, \"cosmos_cost\": 5, \"endurance_cost\": 40}, \"has_attacked\": false, \"health_points\": 155, \"current_endurance\": 85}, {\"id\": 22, \"cost\": 3, \"name\": \"Niobe de Deep\", \"image\": \"/storage/cards/WIWxBuPbi4NsFxkqyA0TciZG9BioNgiODGlrrBGj.jpg\", \"power\": 45, \"max_hp\": 110, \"defense\": 18, \"faction\": {\"name\": \"Spectres d\'Hadès\", \"color_primary\": \"#4B0082\", \"color_secondary\": \"#1a0033\"}, \"endurance\": 70, \"current_hp\": 110, \"main_attack\": {\"name\": \"Deep Fragrance\", \"damage\": 90, \"cosmos_cost\": 3, \"endurance_cost\": 25}, \"has_attacked\": false, \"health_points\": 110, \"current_endurance\": 70}, {\"id\": 23, \"cost\": 8, \"name\": \"Aiacos de Garuda\", \"image\": \"/storage/cards/7h4VH6nlsHF0KwSbMIgBM8XhPkiAZ7FQVkb1PL7C.jpg\", \"power\": 85, \"max_hp\": 195, \"defense\": 35, \"faction\": {\"name\": \"Spectres d\'Hadès\", \"color_primary\": \"#4B0082\", \"color_secondary\": \"#1a0033\"}, \"endurance\": 105, \"current_hp\": 195, \"main_attack\": {\"name\": \"Garuda Flap\", \"damage\": 175, \"cosmos_cost\": 5, \"endurance_cost\": 45}, \"has_attacked\": false, \"health_points\": 195, \"current_endurance\": 105}, {\"id\": 6, \"cost\": 6, \"name\": \"Mu du Belier\", \"image\": \"/storage/cards/baEWSrFhj1B3PgEP5nuff8XvQBZxE1CRv77HtvR3.webp\", \"power\": 65, \"max_hp\": 160, \"defense\": 40, \"faction\": {\"name\": \"Chevaliers d\'Or\", \"color_primary\": \"#FFD700\", \"color_secondary\": \"#DAA520\"}, \"endurance\": 80, \"current_hp\": 160, \"main_attack\": {\"name\": \"Stardust Revolution\", \"damage\": 170, \"cosmos_cost\": 4, \"endurance_cost\": 40}, \"has_attacked\": false, \"health_points\": 160, \"current_endurance\": 80}, {\"id\": 5, \"cost\": 5, \"name\": \"Ikki du Phenix\", \"image\": \"/storage/cards/sw4NqrUquD9A2pwxuGpGN2lUC4yn4fOSq7pFyRqb.webp\", \"power\": 55, \"max_hp\": 140, \"defense\": 18, \"faction\": {\"name\": \"Chevaliers de Bronze\", \"color_primary\": \"#CD7F32\", \"color_secondary\": \"#8B4513\"}, \"endurance\": 90, \"current_hp\": 140, \"main_attack\": {\"name\": \"Ho Yoku Tensho\", \"damage\": 160, \"cosmos_cost\": 4, \"endurance_cost\": 45}, \"has_attacked\": false, \"health_points\": 140, \"current_endurance\": 90}, {\"id\": 15, \"cost\": 7, \"name\": \"Shura du Capricorne\", \"image\": \"/storage/cards/yxhrpiAAP31TZBHiKDtc0nRZnjaeb7mccC3FU81v.webp\", \"power\": 80, \"max_hp\": 175, \"defense\": 32, \"faction\": {\"name\": \"Chevaliers d\'Or\", \"color_primary\": \"#FFD700\", \"color_secondary\": \"#DAA520\"}, \"endurance\": 90, \"current_hp\": 175, \"main_attack\": {\"name\": \"Excalibur\", \"damage\": 160, \"cosmos_cost\": 3, \"endurance_cost\": 35}, \"has_attacked\": false, \"health_points\": 175, \"current_endurance\": 90}], \"field\": [{\"id\": 2, \"cost\": 4, \"name\": \"Hyoga du Cygne\", \"image\": \"/storage/cards/A7Q3AXaicmF6PqjdangSUgNcDYBaV6EC4Jq1ipFC.webp\", \"power\": 40, \"max_hp\": 110, \"defense\": 20, \"faction\": {\"name\": \"Chevaliers de Bronze\", \"color_primary\": \"#CD7F32\", \"color_secondary\": \"#8B4513\"}, \"endurance\": 75, \"current_hp\": 15, \"main_attack\": {\"name\": \"Diamond Dust\", \"damage\": 75, \"cosmos_cost\": 2, \"endurance_cost\": 25}, \"has_attacked\": false, \"health_points\": 110, \"current_endurance\": 75}, {\"id\": 27, \"cost\": 6, \"name\": \"Pandore\", \"image\": \"/storage/cards/8eOIRfehLEc4U5em0ah9PEpECBOsoa8x0Bj6bYBg.jpg\", \"power\": 60, \"max_hp\": 150, \"defense\": 28, \"faction\": {\"name\": \"Spectres d\'Hadès\", \"color_primary\": \"#4B0082\", \"color_secondary\": \"#1a0033\"}, \"endurance\": 85, \"current_hp\": 23, \"main_attack\": {\"name\": \"Balance of Curse\", \"damage\": 155, \"cosmos_cost\": 5, \"endurance_cost\": 40}, \"has_attacked\": true, \"health_points\": 150, \"current_endurance\": 25}], \"cosmos\": 5, \"max_cosmos\": 10}}','finished',1,4,13,'2026-01-29 12:43:38','2026-01-29 12:42:27','2026-01-29 12:43:36','2026-01-29 12:40:54','2026-01-29 12:43:38'),(6,4,1,3,1,'{\"turn\": 1, \"player1\": {\"deck\": [], \"hand\": [{\"id\": 9, \"cost\": 6, \"name\": \"Death Mask du Cancer\", \"image\": \"/storage/cards/tt7p1AoaYpQfivM9Q4oF0yjH9RCaBwkMFi3x6UzA.webp\", \"power\": 70, \"max_hp\": 165, \"defense\": 28, \"faction\": {\"name\": \"Chevaliers d\'Or\", \"color_primary\": \"#FFD700\", \"color_secondary\": \"#DAA520\"}, \"endurance\": 85, \"current_hp\": 165, \"main_attack\": {\"name\": \"Sekishiki Meikai Ha\", \"damage\": 160, \"cosmos_cost\": 5, \"endurance_cost\": 45}, \"has_attacked\": false, \"health_points\": 165, \"current_endurance\": 85}, {\"id\": 2, \"cost\": 4, \"name\": \"Hyoga du Cygne\", \"image\": \"/storage/cards/A7Q3AXaicmF6PqjdangSUgNcDYBaV6EC4Jq1ipFC.webp\", \"power\": 40, \"max_hp\": 110, \"defense\": 20, \"faction\": {\"name\": \"Chevaliers de Bronze\", \"color_primary\": \"#CD7F32\", \"color_secondary\": \"#8B4513\"}, \"endurance\": 75, \"current_hp\": 110, \"main_attack\": {\"name\": \"Diamond Dust\", \"damage\": 75, \"cosmos_cost\": 2, \"endurance_cost\": 25}, \"has_attacked\": false, \"health_points\": 110, \"current_endurance\": 75}, {\"id\": 1, \"cost\": 4, \"name\": \"Seiya de Pegase\", \"image\": \"/storage/cards/kR4cV7hpUVPsAr0ZAPWQNDwF96WTRhjtRoNPNyuv.webp\", \"power\": 45, \"max_hp\": 120, \"defense\": 15, \"faction\": {\"name\": \"Chevaliers de Bronze\", \"color_primary\": \"#CD7F32\", \"color_secondary\": \"#8B4513\"}, \"endurance\": 80, \"current_hp\": 120, \"main_attack\": {\"name\": \"Pegasus Ryusei Ken\", \"damage\": 80, \"cosmos_cost\": 2, \"endurance_cost\": 20}, \"has_attacked\": false, \"health_points\": 120, \"current_endurance\": 80}], \"field\": [{\"id\": 20, \"cost\": 5, \"name\": \"Lune de Balron\", \"image\": \"/storage/cards/8gsylTriMBUUlecXpzIUSH8rOBN3movIyVqWHPTV.jpg\", \"power\": 55, \"max_hp\": 140, \"defense\": 25, \"faction\": {\"name\": \"Spectres d\'Hadès\", \"color_primary\": \"#4B0082\", \"color_secondary\": \"#1a0033\"}, \"endurance\": 80, \"current_hp\": 140, \"main_attack\": {\"name\": \"Reincarnation\", \"damage\": 100, \"cosmos_cost\": 4, \"endurance_cost\": 35}, \"has_attacked\": false, \"health_points\": 140, \"current_endurance\": 80}], \"cosmos\": 0, \"max_cosmos\": 5}, \"player2\": {\"deck\": [{\"id\": 15, \"cost\": 7, \"name\": \"Shura du Capricorne\", \"image\": \"/storage/cards/yxhrpiAAP31TZBHiKDtc0nRZnjaeb7mccC3FU81v.webp\", \"power\": 80, \"max_hp\": 175, \"defense\": 32, \"faction\": {\"name\": \"Chevaliers d\'Or\", \"color_primary\": \"#FFD700\", \"color_secondary\": \"#DAA520\"}, \"endurance\": 90, \"current_hp\": 175, \"main_attack\": {\"name\": \"Excalibur\", \"damage\": 160, \"cosmos_cost\": 3, \"endurance_cost\": 35}, \"has_attacked\": false, \"health_points\": 175, \"current_endurance\": 90}, {\"id\": 2, \"cost\": 4, \"name\": \"Hyoga du Cygne\", \"image\": \"/storage/cards/A7Q3AXaicmF6PqjdangSUgNcDYBaV6EC4Jq1ipFC.webp\", \"power\": 40, \"max_hp\": 110, \"defense\": 20, \"faction\": {\"name\": \"Chevaliers de Bronze\", \"color_primary\": \"#CD7F32\", \"color_secondary\": \"#8B4513\"}, \"endurance\": 75, \"current_hp\": 110, \"main_attack\": {\"name\": \"Diamond Dust\", \"damage\": 75, \"cosmos_cost\": 2, \"endurance_cost\": 25}, \"has_attacked\": false, \"health_points\": 110, \"current_endurance\": 75}, {\"id\": 23, \"cost\": 8, \"name\": \"Aiacos de Garuda\", \"image\": \"/storage/cards/7h4VH6nlsHF0KwSbMIgBM8XhPkiAZ7FQVkb1PL7C.jpg\", \"power\": 85, \"max_hp\": 195, \"defense\": 35, \"faction\": {\"name\": \"Spectres d\'Hadès\", \"color_primary\": \"#4B0082\", \"color_secondary\": \"#1a0033\"}, \"endurance\": 105, \"current_hp\": 195, \"main_attack\": {\"name\": \"Garuda Flap\", \"damage\": 175, \"cosmos_cost\": 5, \"endurance_cost\": 45}, \"has_attacked\": false, \"health_points\": 195, \"current_endurance\": 105}, {\"id\": 5, \"cost\": 5, \"name\": \"Ikki du Phenix\", \"image\": \"/storage/cards/sw4NqrUquD9A2pwxuGpGN2lUC4yn4fOSq7pFyRqb.webp\", \"power\": 55, \"max_hp\": 140, \"defense\": 18, \"faction\": {\"name\": \"Chevaliers de Bronze\", \"color_primary\": \"#CD7F32\", \"color_secondary\": \"#8B4513\"}, \"endurance\": 90, \"current_hp\": 140, \"main_attack\": {\"name\": \"Ho Yoku Tensho\", \"damage\": 160, \"cosmos_cost\": 4, \"endurance_cost\": 45}, \"has_attacked\": false, \"health_points\": 140, \"current_endurance\": 90}], \"hand\": [{\"id\": 6, \"cost\": 6, \"name\": \"Mu du Belier\", \"image\": \"/storage/cards/baEWSrFhj1B3PgEP5nuff8XvQBZxE1CRv77HtvR3.webp\", \"power\": 65, \"max_hp\": 160, \"defense\": 40, \"faction\": {\"name\": \"Chevaliers d\'Or\", \"color_primary\": \"#FFD700\", \"color_secondary\": \"#DAA520\"}, \"endurance\": 80, \"current_hp\": 160, \"main_attack\": {\"name\": \"Stardust Revolution\", \"damage\": 170, \"cosmos_cost\": 4, \"endurance_cost\": 40}, \"has_attacked\": false, \"health_points\": 160, \"current_endurance\": 80}, {\"id\": 27, \"cost\": 6, \"name\": \"Pandore\", \"image\": \"/storage/cards/8eOIRfehLEc4U5em0ah9PEpECBOsoa8x0Bj6bYBg.jpg\", \"power\": 60, \"max_hp\": 150, \"defense\": 28, \"faction\": {\"name\": \"Spectres d\'Hadès\", \"color_primary\": \"#4B0082\", \"color_secondary\": \"#1a0033\"}, \"endurance\": 85, \"current_hp\": 150, \"main_attack\": {\"name\": \"Balance of Curse\", \"damage\": 155, \"cosmos_cost\": 5, \"endurance_cost\": 40}, \"has_attacked\": false, \"health_points\": 150, \"current_endurance\": 85}, {\"id\": 22, \"cost\": 3, \"name\": \"Niobe de Deep\", \"image\": \"/storage/cards/WIWxBuPbi4NsFxkqyA0TciZG9BioNgiODGlrrBGj.jpg\", \"power\": 45, \"max_hp\": 110, \"defense\": 18, \"faction\": {\"name\": \"Spectres d\'Hadès\", \"color_primary\": \"#4B0082\", \"color_secondary\": \"#1a0033\"}, \"endurance\": 70, \"current_hp\": 110, \"main_attack\": {\"name\": \"Deep Fragrance\", \"damage\": 90, \"cosmos_cost\": 3, \"endurance_cost\": 25}, \"has_attacked\": false, \"health_points\": 110, \"current_endurance\": 70}, {\"id\": 3, \"cost\": 4, \"name\": \"Shiryu du Dragon\", \"image\": \"/storage/cards/QBQ8EfnfcRxT7jGcROV2RPSplZZweN3EPmIDpDj9.webp\", \"power\": 42, \"max_hp\": 130, \"defense\": 25, \"faction\": {\"name\": \"Chevaliers de Bronze\", \"color_primary\": \"#CD7F32\", \"color_secondary\": \"#8B4513\"}, \"endurance\": 85, \"current_hp\": 130, \"main_attack\": {\"name\": \"Rozan Sho Ryu Ha\", \"damage\": 90, \"cosmos_cost\": 2, \"endurance_cost\": 25}, \"has_attacked\": false, \"health_points\": 130, \"current_endurance\": 85}, {\"id\": 26, \"cost\": 4, \"name\": \"Valentine de la Harpie\", \"image\": \"/storage/cards/wF3IbgDMV5LcrO09kHUpyaShhiMrN0Skc6FQZBoF.jpg\", \"power\": 50, \"max_hp\": 120, \"defense\": 20, \"faction\": {\"name\": \"Spectres d\'Hadès\", \"color_primary\": \"#4B0082\", \"color_secondary\": \"#1a0033\"}, \"endurance\": 72, \"current_hp\": 120, \"main_attack\": {\"name\": \"Greed the Life\", \"damage\": 130, \"cosmos_cost\": 4, \"endurance_cost\": 35}, \"has_attacked\": false, \"health_points\": 120, \"current_endurance\": 72}], \"field\": [{\"id\": 29, \"cost\": 5, \"name\": \"Pharaoh du Sphinx\", \"image\": \"/storage/cards/C69slRM1ZoiT2ZmRLqxwsUWh2Ac7IR8WKNILkljD.jpg\", \"power\": 62, \"max_hp\": 155, \"defense\": 26, \"faction\": {\"name\": \"Spectres d\'Hadès\", \"color_primary\": \"#4B0082\", \"color_secondary\": \"#1a0033\"}, \"endurance\": 85, \"current_hp\": 155, \"main_attack\": {\"name\": \"Balance of Curse Sphinx\", \"damage\": 160, \"cosmos_cost\": 5, \"endurance_cost\": 40}, \"has_attacked\": false, \"health_points\": 155, \"current_endurance\": 85}], \"cosmos\": 1, \"max_cosmos\": 6}}','finished',4,1,2,'2026-01-30 20:03:53','2026-01-30 20:03:37','2026-01-30 20:06:45','2026-01-30 20:03:34','2026-01-30 20:06:45'),(7,4,1,3,1,'{\"turn\": 1, \"player1\": {\"deck\": [], \"hand\": [{\"id\": 9, \"cost\": 6, \"name\": \"Death Mask du Cancer\", \"image\": \"/storage/cards/tt7p1AoaYpQfivM9Q4oF0yjH9RCaBwkMFi3x6UzA.webp\", \"power\": 70, \"max_hp\": 165, \"defense\": 28, \"faction\": {\"name\": \"Chevaliers d\'Or\", \"color_primary\": \"#FFD700\", \"color_secondary\": \"#DAA520\"}, \"endurance\": 85, \"current_hp\": 165, \"main_attack\": {\"name\": \"Sekishiki Meikai Ha\", \"damage\": 160, \"cosmos_cost\": 5, \"endurance_cost\": 45}, \"has_attacked\": false, \"health_points\": 165, \"current_endurance\": 85, \"secondary_attack_1\": {\"name\": \"Praesepe Underworld Waves\", \"damage\": 180, \"cosmos_cost\": 5, \"endurance_cost\": 50}, \"secondary_attack_2\": null}, {\"id\": 2, \"cost\": 4, \"name\": \"Hyoga du Cygne\", \"image\": \"/storage/cards/A7Q3AXaicmF6PqjdangSUgNcDYBaV6EC4Jq1ipFC.webp\", \"power\": 40, \"max_hp\": 110, \"defense\": 20, \"faction\": {\"name\": \"Chevaliers de Bronze\", \"color_primary\": \"#CD7F32\", \"color_secondary\": \"#8B4513\"}, \"endurance\": 75, \"current_hp\": 110, \"main_attack\": {\"name\": \"Diamond Dust\", \"damage\": 75, \"cosmos_cost\": 2, \"endurance_cost\": 25}, \"has_attacked\": false, \"health_points\": 110, \"current_endurance\": 75, \"secondary_attack_1\": {\"name\": \"Aurora Thunder Attack\", \"damage\": 100, \"cosmos_cost\": 3, \"endurance_cost\": 30}, \"secondary_attack_2\": {\"name\": \"Kholodnyi Smerch\", \"damage\": 140, \"cosmos_cost\": 4, \"endurance_cost\": 40}}, {\"id\": 20, \"cost\": 5, \"name\": \"Lune de Balron\", \"image\": \"/storage/cards/8gsylTriMBUUlecXpzIUSH8rOBN3movIyVqWHPTV.jpg\", \"power\": 55, \"max_hp\": 140, \"defense\": 25, \"faction\": {\"name\": \"Spectres d\'Hadès\", \"color_primary\": \"#4B0082\", \"color_secondary\": \"#1a0033\"}, \"endurance\": 80, \"current_hp\": 140, \"main_attack\": {\"name\": \"Reincarnation\", \"damage\": 100, \"cosmos_cost\": 4, \"endurance_cost\": 35}, \"has_attacked\": false, \"health_points\": 140, \"current_endurance\": 80, \"secondary_attack_1\": {\"name\": \"Fire Whip\", \"damage\": 130, \"cosmos_cost\": 3, \"endurance_cost\": 30}, \"secondary_attack_2\": null}], \"field\": [{\"id\": 1, \"cost\": 4, \"name\": \"Seiya de Pegase\", \"image\": \"/storage/cards/kR4cV7hpUVPsAr0ZAPWQNDwF96WTRhjtRoNPNyuv.webp\", \"power\": 45, \"max_hp\": 120, \"defense\": 15, \"faction\": {\"name\": \"Chevaliers de Bronze\", \"color_primary\": \"#CD7F32\", \"color_secondary\": \"#8B4513\"}, \"endurance\": 80, \"current_hp\": 120, \"main_attack\": {\"name\": \"Pegasus Ryusei Ken\", \"damage\": 80, \"cosmos_cost\": 2, \"endurance_cost\": 20}, \"has_attacked\": false, \"health_points\": 120, \"current_endurance\": 80, \"secondary_attack_1\": {\"name\": \"Pegasus Suisei Ken\", \"damage\": 120, \"cosmos_cost\": 3, \"endurance_cost\": 35}, \"secondary_attack_2\": {\"name\": \"Pegasus Rolling Crash\", \"damage\": 100, \"cosmos_cost\": 2, \"endurance_cost\": 30}}], \"cosmos\": 1, \"max_cosmos\": 5}, \"player2\": {\"deck\": [{\"id\": 27, \"cost\": 6, \"name\": \"Pandore\", \"image\": \"/storage/cards/8eOIRfehLEc4U5em0ah9PEpECBOsoa8x0Bj6bYBg.jpg\", \"power\": 60, \"max_hp\": 150, \"defense\": 28, \"faction\": {\"name\": \"Spectres d\'Hadès\", \"color_primary\": \"#4B0082\", \"color_secondary\": \"#1a0033\"}, \"endurance\": 85, \"current_hp\": 150, \"main_attack\": {\"name\": \"Balance of Curse\", \"damage\": 155, \"cosmos_cost\": 5, \"endurance_cost\": 40}, \"has_attacked\": false, \"health_points\": 150, \"current_endurance\": 85, \"secondary_attack_1\": {\"name\": \"Dark Serenade\", \"damage\": 140, \"cosmos_cost\": 4, \"endurance_cost\": 35}, \"secondary_attack_2\": null}, {\"id\": 22, \"cost\": 3, \"name\": \"Niobe de Deep\", \"image\": \"/storage/cards/WIWxBuPbi4NsFxkqyA0TciZG9BioNgiODGlrrBGj.jpg\", \"power\": 45, \"max_hp\": 110, \"defense\": 18, \"faction\": {\"name\": \"Spectres d\'Hadès\", \"color_primary\": \"#4B0082\", \"color_secondary\": \"#1a0033\"}, \"endurance\": 70, \"current_hp\": 110, \"main_attack\": {\"name\": \"Deep Fragrance\", \"damage\": 90, \"cosmos_cost\": 3, \"endurance_cost\": 25}, \"has_attacked\": false, \"health_points\": 110, \"current_endurance\": 70, \"secondary_attack_1\": {\"name\": \"Deep Sleep\", \"damage\": 130, \"cosmos_cost\": 4, \"endurance_cost\": 40}, \"secondary_attack_2\": null}, {\"id\": 3, \"cost\": 4, \"name\": \"Shiryu du Dragon\", \"image\": \"/storage/cards/QBQ8EfnfcRxT7jGcROV2RPSplZZweN3EPmIDpDj9.webp\", \"power\": 42, \"max_hp\": 130, \"defense\": 25, \"faction\": {\"name\": \"Chevaliers de Bronze\", \"color_primary\": \"#CD7F32\", \"color_secondary\": \"#8B4513\"}, \"endurance\": 85, \"current_hp\": 130, \"main_attack\": {\"name\": \"Rozan Sho Ryu Ha\", \"damage\": 90, \"cosmos_cost\": 2, \"endurance_cost\": 25}, \"has_attacked\": false, \"health_points\": 130, \"current_endurance\": 85, \"secondary_attack_1\": {\"name\": \"Rozan Hyaku Ryu Ha\", \"damage\": 150, \"cosmos_cost\": 5, \"endurance_cost\": 50}, \"secondary_attack_2\": {\"name\": \"Rozan Ko Ryu Ha\", \"damage\": 180, \"cosmos_cost\": 5, \"endurance_cost\": 60}}, {\"id\": 5, \"cost\": 5, \"name\": \"Ikki du Phenix\", \"image\": \"/storage/cards/sw4NqrUquD9A2pwxuGpGN2lUC4yn4fOSq7pFyRqb.webp\", \"power\": 55, \"max_hp\": 140, \"defense\": 18, \"faction\": {\"name\": \"Chevaliers de Bronze\", \"color_primary\": \"#CD7F32\", \"color_secondary\": \"#8B4513\"}, \"endurance\": 90, \"current_hp\": 140, \"main_attack\": {\"name\": \"Ho Yoku Tensho\", \"damage\": 160, \"cosmos_cost\": 4, \"endurance_cost\": 45}, \"has_attacked\": false, \"health_points\": 140, \"current_endurance\": 90, \"secondary_attack_1\": {\"name\": \"Phoenix Genma Ken\", \"damage\": 60, \"cosmos_cost\": 4, \"endurance_cost\": 30}, \"secondary_attack_2\": {\"name\": \"Thunder Claw\", \"damage\": 85, \"cosmos_cost\": 2, \"endurance_cost\": 20}}], \"hand\": [{\"id\": 2, \"cost\": 4, \"name\": \"Hyoga du Cygne\", \"image\": \"/storage/cards/A7Q3AXaicmF6PqjdangSUgNcDYBaV6EC4Jq1ipFC.webp\", \"power\": 40, \"max_hp\": 110, \"defense\": 20, \"faction\": {\"name\": \"Chevaliers de Bronze\", \"color_primary\": \"#CD7F32\", \"color_secondary\": \"#8B4513\"}, \"endurance\": 75, \"current_hp\": 110, \"main_attack\": {\"name\": \"Diamond Dust\", \"damage\": 75, \"cosmos_cost\": 2, \"endurance_cost\": 25}, \"has_attacked\": false, \"health_points\": 110, \"current_endurance\": 75, \"secondary_attack_1\": {\"name\": \"Aurora Thunder Attack\", \"damage\": 100, \"cosmos_cost\": 3, \"endurance_cost\": 30}, \"secondary_attack_2\": {\"name\": \"Kholodnyi Smerch\", \"damage\": 140, \"cosmos_cost\": 4, \"endurance_cost\": 40}}, {\"id\": 15, \"cost\": 7, \"name\": \"Shura du Capricorne\", \"image\": \"/storage/cards/yxhrpiAAP31TZBHiKDtc0nRZnjaeb7mccC3FU81v.webp\", \"power\": 80, \"max_hp\": 175, \"defense\": 32, \"faction\": {\"name\": \"Chevaliers d\'Or\", \"color_primary\": \"#FFD700\", \"color_secondary\": \"#DAA520\"}, \"endurance\": 90, \"current_hp\": 175, \"main_attack\": {\"name\": \"Excalibur\", \"damage\": 160, \"cosmos_cost\": 3, \"endurance_cost\": 35}, \"has_attacked\": false, \"health_points\": 175, \"current_endurance\": 90, \"secondary_attack_1\": {\"name\": \"Jumping Stone\", \"damage\": 120, \"cosmos_cost\": 3, \"endurance_cost\": 25}, \"secondary_attack_2\": null}, {\"id\": 29, \"cost\": 5, \"name\": \"Pharaoh du Sphinx\", \"image\": \"/storage/cards/C69slRM1ZoiT2ZmRLqxwsUWh2Ac7IR8WKNILkljD.jpg\", \"power\": 62, \"max_hp\": 155, \"defense\": 26, \"faction\": {\"name\": \"Spectres d\'Hadès\", \"color_primary\": \"#4B0082\", \"color_secondary\": \"#1a0033\"}, \"endurance\": 85, \"current_hp\": 155, \"main_attack\": {\"name\": \"Balance of Curse Sphinx\", \"damage\": 160, \"cosmos_cost\": 5, \"endurance_cost\": 40}, \"has_attacked\": false, \"health_points\": 155, \"current_endurance\": 85, \"secondary_attack_1\": {\"name\": \"Harp of Hades\", \"damage\": 140, \"cosmos_cost\": 4, \"endurance_cost\": 35}, \"secondary_attack_2\": null}, {\"id\": 26, \"cost\": 4, \"name\": \"Valentine de la Harpie\", \"image\": \"/storage/cards/wF3IbgDMV5LcrO09kHUpyaShhiMrN0Skc6FQZBoF.jpg\", \"power\": 50, \"max_hp\": 120, \"defense\": 20, \"faction\": {\"name\": \"Spectres d\'Hadès\", \"color_primary\": \"#4B0082\", \"color_secondary\": \"#1a0033\"}, \"endurance\": 72, \"current_hp\": 120, \"main_attack\": {\"name\": \"Greed the Life\", \"damage\": 130, \"cosmos_cost\": 4, \"endurance_cost\": 35}, \"has_attacked\": false, \"health_points\": 120, \"current_endurance\": 72, \"secondary_attack_1\": {\"name\": \"Sweet Chocolate\", \"damage\": 110, \"cosmos_cost\": 3, \"endurance_cost\": 30}, \"secondary_attack_2\": null}, {\"id\": 23, \"cost\": 8, \"name\": \"Aiacos de Garuda\", \"image\": \"/storage/cards/7h4VH6nlsHF0KwSbMIgBM8XhPkiAZ7FQVkb1PL7C.jpg\", \"power\": 85, \"max_hp\": 195, \"defense\": 35, \"faction\": {\"name\": \"Spectres d\'Hadès\", \"color_primary\": \"#4B0082\", \"color_secondary\": \"#1a0033\"}, \"endurance\": 105, \"current_hp\": 195, \"main_attack\": {\"name\": \"Garuda Flap\", \"damage\": 175, \"cosmos_cost\": 5, \"endurance_cost\": 45}, \"has_attacked\": false, \"health_points\": 195, \"current_endurance\": 105, \"secondary_attack_1\": {\"name\": \"Galactica Illusion\", \"damage\": 150, \"cosmos_cost\": 5, \"endurance_cost\": 40}, \"secondary_attack_2\": null}], \"field\": [{\"id\": 6, \"cost\": 6, \"name\": \"Mu du Belier\", \"image\": \"/storage/cards/baEWSrFhj1B3PgEP5nuff8XvQBZxE1CRv77HtvR3.webp\", \"power\": 65, \"max_hp\": 160, \"defense\": 40, \"faction\": {\"name\": \"Chevaliers d\'Or\", \"color_primary\": \"#FFD700\", \"color_secondary\": \"#DAA520\"}, \"endurance\": 80, \"current_hp\": 160, \"main_attack\": {\"name\": \"Stardust Revolution\", \"damage\": 170, \"cosmos_cost\": 4, \"endurance_cost\": 40}, \"has_attacked\": false, \"health_points\": 160, \"current_endurance\": 80, \"secondary_attack_1\": {\"name\": \"Crystal Wall\", \"damage\": 0, \"cosmos_cost\": 3, \"endurance_cost\": 30}, \"secondary_attack_2\": {\"name\": \"Starlight Extinction\", \"damage\": 200, \"cosmos_cost\": 6, \"endurance_cost\": 55}}], \"cosmos\": 0, \"max_cosmos\": 6}}','finished',4,1,2,'2026-01-30 20:07:12','2026-01-30 20:07:03','2026-01-30 20:07:21','2026-01-30 20:07:01','2026-01-30 20:07:21'),(8,4,1,3,1,'{\"turn\": 1, \"player1\": {\"deck\": [], \"hand\": [], \"field\": [{\"id\": 1, \"cost\": 4, \"name\": \"Seiya de Pegase\", \"image\": \"/storage/cards/kR4cV7hpUVPsAr0ZAPWQNDwF96WTRhjtRoNPNyuv.webp\", \"power\": 45, \"max_hp\": 120, \"defense\": 15, \"faction\": {\"name\": \"Chevaliers de Bronze\", \"color_primary\": \"#CD7F32\", \"color_secondary\": \"#8B4513\"}, \"endurance\": 80, \"current_hp\": 70, \"main_attack\": {\"name\": \"Pegasus Ryusei Ken\", \"damage\": 80, \"cosmos_cost\": 2, \"endurance_cost\": 20}, \"has_attacked\": false, \"health_points\": 120, \"current_endurance\": 80, \"secondary_attack_1\": {\"name\": \"Pegasus Suisei Ken\", \"damage\": 120, \"cosmos_cost\": 3, \"endurance_cost\": 35}, \"secondary_attack_2\": {\"name\": \"Pegasus Rolling Crash\", \"damage\": 100, \"cosmos_cost\": 2, \"endurance_cost\": 30}}, {\"id\": 2, \"cost\": 4, \"name\": \"Hyoga du Cygne\", \"image\": \"/storage/cards/A7Q3AXaicmF6PqjdangSUgNcDYBaV6EC4Jq1ipFC.webp\", \"power\": 40, \"max_hp\": 110, \"defense\": 20, \"faction\": {\"name\": \"Chevaliers de Bronze\", \"color_primary\": \"#CD7F32\", \"color_secondary\": \"#8B4513\"}, \"endurance\": 75, \"current_hp\": 110, \"main_attack\": {\"name\": \"Diamond Dust\", \"damage\": 75, \"cosmos_cost\": 2, \"endurance_cost\": 25}, \"has_attacked\": true, \"health_points\": 110, \"current_endurance\": 15, \"secondary_attack_1\": {\"name\": \"Aurora Thunder Attack\", \"damage\": 100, \"cosmos_cost\": 3, \"endurance_cost\": 30}, \"secondary_attack_2\": {\"name\": \"Kholodnyi Smerch\", \"damage\": 140, \"cosmos_cost\": 4, \"endurance_cost\": 40}}], \"cosmos\": 6, \"max_cosmos\": 10}, \"player2\": {\"deck\": [], \"hand\": [{\"id\": 27, \"cost\": 6, \"name\": \"Pandore\", \"image\": \"/storage/cards/8eOIRfehLEc4U5em0ah9PEpECBOsoa8x0Bj6bYBg.jpg\", \"power\": 60, \"max_hp\": 150, \"defense\": 28, \"faction\": {\"name\": \"Spectres d\'Hadès\", \"color_primary\": \"#4B0082\", \"color_secondary\": \"#1a0033\"}, \"endurance\": 85, \"current_hp\": 150, \"main_attack\": {\"name\": \"Balance of Curse\", \"damage\": 155, \"cosmos_cost\": 5, \"endurance_cost\": 40}, \"has_attacked\": false, \"health_points\": 150, \"current_endurance\": 85, \"secondary_attack_1\": {\"name\": \"Dark Serenade\", \"damage\": 140, \"cosmos_cost\": 4, \"endurance_cost\": 35}, \"secondary_attack_2\": null}], \"field\": [{\"id\": 23, \"cost\": 8, \"name\": \"Aiacos de Garuda\", \"image\": \"/storage/cards/7h4VH6nlsHF0KwSbMIgBM8XhPkiAZ7FQVkb1PL7C.jpg\", \"power\": 85, \"max_hp\": 195, \"defense\": 35, \"faction\": {\"name\": \"Spectres d\'Hadès\", \"color_primary\": \"#4B0082\", \"color_secondary\": \"#1a0033\"}, \"endurance\": 105, \"current_hp\": 50, \"main_attack\": {\"name\": \"Garuda Flap\", \"damage\": 175, \"cosmos_cost\": 5, \"endurance_cost\": 45}, \"has_attacked\": false, \"health_points\": 195, \"current_endurance\": 105, \"secondary_attack_1\": {\"name\": \"Galactica Illusion\", \"damage\": 150, \"cosmos_cost\": 5, \"endurance_cost\": 40}, \"secondary_attack_2\": null}], \"cosmos\": 3, \"max_cosmos\": 10}}','finished',4,4,17,'2026-02-01 11:17:14','2026-02-01 11:07:51','2026-02-01 16:37:27','2026-02-01 11:07:49','2026-02-01 16:37:27'),(9,4,1,3,1,'{\"turn\": 1, \"player1\": {\"deck\": [], \"hand\": [{\"id\": 1, \"cost\": 4, \"name\": \"Seiya de Pegase\", \"image\": \"/storage/cards/kR4cV7hpUVPsAr0ZAPWQNDwF96WTRhjtRoNPNyuv.webp\", \"power\": 45, \"max_hp\": 120, \"defense\": 15, \"faction\": {\"name\": \"Chevaliers de Bronze\", \"color_primary\": \"#CD7F32\", \"color_secondary\": \"#8B4513\"}, \"endurance\": 80, \"current_hp\": 120, \"main_attack\": {\"name\": \"Pegasus Ryusei Ken\", \"damage\": 80, \"cosmos_cost\": 2, \"endurance_cost\": 20}, \"has_attacked\": false, \"health_points\": 120, \"current_endurance\": 80, \"secondary_attack_1\": {\"name\": \"Pegasus Suisei Ken\", \"damage\": 120, \"cosmos_cost\": 3, \"endurance_cost\": 35}, \"secondary_attack_2\": {\"name\": \"Pegasus Rolling Crash\", \"damage\": 100, \"cosmos_cost\": 2, \"endurance_cost\": 30}}, {\"id\": 2, \"cost\": 4, \"name\": \"Hyoga du Cygne\", \"image\": \"/storage/cards/A7Q3AXaicmF6PqjdangSUgNcDYBaV6EC4Jq1ipFC.webp\", \"power\": 40, \"max_hp\": 110, \"defense\": 20, \"faction\": {\"name\": \"Chevaliers de Bronze\", \"color_primary\": \"#CD7F32\", \"color_secondary\": \"#8B4513\"}, \"endurance\": 75, \"current_hp\": 110, \"main_attack\": {\"name\": \"Diamond Dust\", \"damage\": 75, \"cosmos_cost\": 2, \"endurance_cost\": 25}, \"has_attacked\": false, \"health_points\": 110, \"current_endurance\": 75, \"secondary_attack_1\": {\"name\": \"Aurora Thunder Attack\", \"damage\": 100, \"cosmos_cost\": 3, \"endurance_cost\": 30}, \"secondary_attack_2\": {\"name\": \"Kholodnyi Smerch\", \"damage\": 140, \"cosmos_cost\": 4, \"endurance_cost\": 40}}, {\"id\": 9, \"cost\": 6, \"name\": \"Death Mask du Cancer\", \"image\": \"/storage/cards/tt7p1AoaYpQfivM9Q4oF0yjH9RCaBwkMFi3x6UzA.webp\", \"power\": 70, \"max_hp\": 165, \"defense\": 28, \"faction\": {\"name\": \"Chevaliers d\'Or\", \"color_primary\": \"#FFD700\", \"color_secondary\": \"#DAA520\"}, \"endurance\": 85, \"current_hp\": 165, \"main_attack\": {\"name\": \"Sekishiki Meikai Ha\", \"damage\": 160, \"cosmos_cost\": 5, \"endurance_cost\": 45}, \"has_attacked\": false, \"health_points\": 165, \"current_endurance\": 85, \"secondary_attack_1\": {\"name\": \"Praesepe Underworld Waves\", \"damage\": 180, \"cosmos_cost\": 5, \"endurance_cost\": 50}, \"secondary_attack_2\": null}, {\"id\": 20, \"cost\": 5, \"name\": \"Lune de Balron\", \"image\": \"/storage/cards/8gsylTriMBUUlecXpzIUSH8rOBN3movIyVqWHPTV.jpg\", \"power\": 55, \"max_hp\": 140, \"defense\": 25, \"faction\": {\"name\": \"Spectres d\'Hadès\", \"color_primary\": \"#4B0082\", \"color_secondary\": \"#1a0033\"}, \"endurance\": 80, \"current_hp\": 140, \"main_attack\": {\"name\": \"Reincarnation\", \"damage\": 100, \"cosmos_cost\": 4, \"endurance_cost\": 35}, \"has_attacked\": false, \"health_points\": 140, \"current_endurance\": 80, \"secondary_attack_1\": {\"name\": \"Fire Whip\", \"damage\": 130, \"cosmos_cost\": 3, \"endurance_cost\": 30}, \"secondary_attack_2\": null}], \"field\": [], \"cosmos\": 5, \"max_cosmos\": 5}, \"player2\": {\"deck\": [{\"id\": 2, \"cost\": 4, \"name\": \"Hyoga du Cygne\", \"image\": \"/storage/cards/A7Q3AXaicmF6PqjdangSUgNcDYBaV6EC4Jq1ipFC.webp\", \"power\": 40, \"max_hp\": 110, \"defense\": 20, \"faction\": {\"name\": \"Chevaliers de Bronze\", \"color_primary\": \"#CD7F32\", \"color_secondary\": \"#8B4513\"}, \"endurance\": 75, \"current_hp\": 110, \"main_attack\": {\"name\": \"Diamond Dust\", \"damage\": 75, \"cosmos_cost\": 2, \"endurance_cost\": 25}, \"has_attacked\": false, \"health_points\": 110, \"current_endurance\": 75, \"secondary_attack_1\": {\"name\": \"Aurora Thunder Attack\", \"damage\": 100, \"cosmos_cost\": 3, \"endurance_cost\": 30}, \"secondary_attack_2\": {\"name\": \"Kholodnyi Smerch\", \"damage\": 140, \"cosmos_cost\": 4, \"endurance_cost\": 40}}, {\"id\": 15, \"cost\": 7, \"name\": \"Shura du Capricorne\", \"image\": \"/storage/cards/yxhrpiAAP31TZBHiKDtc0nRZnjaeb7mccC3FU81v.webp\", \"power\": 80, \"max_hp\": 175, \"defense\": 32, \"faction\": {\"name\": \"Chevaliers d\'Or\", \"color_primary\": \"#FFD700\", \"color_secondary\": \"#DAA520\"}, \"endurance\": 90, \"current_hp\": 175, \"main_attack\": {\"name\": \"Excalibur\", \"damage\": 160, \"cosmos_cost\": 3, \"endurance_cost\": 35}, \"has_attacked\": false, \"health_points\": 175, \"current_endurance\": 90, \"secondary_attack_1\": {\"name\": \"Jumping Stone\", \"damage\": 120, \"cosmos_cost\": 3, \"endurance_cost\": 25}, \"secondary_attack_2\": null}, {\"id\": 27, \"cost\": 6, \"name\": \"Pandore\", \"image\": \"/storage/cards/8eOIRfehLEc4U5em0ah9PEpECBOsoa8x0Bj6bYBg.jpg\", \"power\": 60, \"max_hp\": 150, \"defense\": 28, \"faction\": {\"name\": \"Spectres d\'Hadès\", \"color_primary\": \"#4B0082\", \"color_secondary\": \"#1a0033\"}, \"endurance\": 85, \"current_hp\": 150, \"main_attack\": {\"name\": \"Balance of Curse\", \"damage\": 155, \"cosmos_cost\": 5, \"endurance_cost\": 40}, \"has_attacked\": false, \"health_points\": 150, \"current_endurance\": 85, \"secondary_attack_1\": {\"name\": \"Dark Serenade\", \"damage\": 140, \"cosmos_cost\": 4, \"endurance_cost\": 35}, \"secondary_attack_2\": null}, {\"id\": 22, \"cost\": 3, \"name\": \"Niobe de Deep\", \"image\": \"/storage/cards/WIWxBuPbi4NsFxkqyA0TciZG9BioNgiODGlrrBGj.jpg\", \"power\": 45, \"max_hp\": 110, \"defense\": 18, \"faction\": {\"name\": \"Spectres d\'Hadès\", \"color_primary\": \"#4B0082\", \"color_secondary\": \"#1a0033\"}, \"endurance\": 70, \"current_hp\": 110, \"main_attack\": {\"name\": \"Deep Fragrance\", \"damage\": 90, \"cosmos_cost\": 3, \"endurance_cost\": 25}, \"has_attacked\": false, \"health_points\": 110, \"current_endurance\": 70, \"secondary_attack_1\": {\"name\": \"Deep Sleep\", \"damage\": 130, \"cosmos_cost\": 4, \"endurance_cost\": 40}, \"secondary_attack_2\": null}, {\"id\": 23, \"cost\": 8, \"name\": \"Aiacos de Garuda\", \"image\": \"/storage/cards/7h4VH6nlsHF0KwSbMIgBM8XhPkiAZ7FQVkb1PL7C.jpg\", \"power\": 85, \"max_hp\": 195, \"defense\": 35, \"faction\": {\"name\": \"Spectres d\'Hadès\", \"color_primary\": \"#4B0082\", \"color_secondary\": \"#1a0033\"}, \"endurance\": 105, \"current_hp\": 195, \"main_attack\": {\"name\": \"Garuda Flap\", \"damage\": 175, \"cosmos_cost\": 5, \"endurance_cost\": 45}, \"has_attacked\": false, \"health_points\": 195, \"current_endurance\": 105, \"secondary_attack_1\": {\"name\": \"Galactica Illusion\", \"damage\": 150, \"cosmos_cost\": 5, \"endurance_cost\": 40}, \"secondary_attack_2\": null}], \"hand\": [{\"id\": 29, \"cost\": 5, \"name\": \"Pharaoh du Sphinx\", \"image\": \"/storage/cards/C69slRM1ZoiT2ZmRLqxwsUWh2Ac7IR8WKNILkljD.jpg\", \"power\": 62, \"max_hp\": 155, \"defense\": 26, \"faction\": {\"name\": \"Spectres d\'Hadès\", \"color_primary\": \"#4B0082\", \"color_secondary\": \"#1a0033\"}, \"endurance\": 85, \"current_hp\": 155, \"main_attack\": {\"name\": \"Balance of Curse Sphinx\", \"damage\": 160, \"cosmos_cost\": 5, \"endurance_cost\": 40}, \"has_attacked\": false, \"health_points\": 155, \"current_endurance\": 85, \"secondary_attack_1\": {\"name\": \"Harp of Hades\", \"damage\": 140, \"cosmos_cost\": 4, \"endurance_cost\": 35}, \"secondary_attack_2\": null}, {\"id\": 5, \"cost\": 5, \"name\": \"Ikki du Phenix\", \"image\": \"/storage/cards/sw4NqrUquD9A2pwxuGpGN2lUC4yn4fOSq7pFyRqb.webp\", \"power\": 55, \"max_hp\": 140, \"defense\": 18, \"faction\": {\"name\": \"Chevaliers de Bronze\", \"color_primary\": \"#CD7F32\", \"color_secondary\": \"#8B4513\"}, \"endurance\": 90, \"current_hp\": 140, \"main_attack\": {\"name\": \"Ho Yoku Tensho\", \"damage\": 160, \"cosmos_cost\": 4, \"endurance_cost\": 45}, \"has_attacked\": false, \"health_points\": 140, \"current_endurance\": 90, \"secondary_attack_1\": {\"name\": \"Phoenix Genma Ken\", \"damage\": 60, \"cosmos_cost\": 4, \"endurance_cost\": 30}, \"secondary_attack_2\": {\"name\": \"Thunder Claw\", \"damage\": 85, \"cosmos_cost\": 2, \"endurance_cost\": 20}}, {\"id\": 26, \"cost\": 4, \"name\": \"Valentine de la Harpie\", \"image\": \"/storage/cards/wF3IbgDMV5LcrO09kHUpyaShhiMrN0Skc6FQZBoF.jpg\", \"power\": 50, \"max_hp\": 120, \"defense\": 20, \"faction\": {\"name\": \"Spectres d\'Hadès\", \"color_primary\": \"#4B0082\", \"color_secondary\": \"#1a0033\"}, \"endurance\": 72, \"current_hp\": 120, \"main_attack\": {\"name\": \"Greed the Life\", \"damage\": 130, \"cosmos_cost\": 4, \"endurance_cost\": 35}, \"has_attacked\": false, \"health_points\": 120, \"current_endurance\": 72, \"secondary_attack_1\": {\"name\": \"Sweet Chocolate\", \"damage\": 110, \"cosmos_cost\": 3, \"endurance_cost\": 30}, \"secondary_attack_2\": null}, {\"id\": 6, \"cost\": 6, \"name\": \"Mu du Belier\", \"image\": \"/storage/cards/baEWSrFhj1B3PgEP5nuff8XvQBZxE1CRv77HtvR3.webp\", \"power\": 65, \"max_hp\": 160, \"defense\": 40, \"faction\": {\"name\": \"Chevaliers d\'Or\", \"color_primary\": \"#FFD700\", \"color_secondary\": \"#DAA520\"}, \"endurance\": 80, \"current_hp\": 160, \"main_attack\": {\"name\": \"Stardust Revolution\", \"damage\": 170, \"cosmos_cost\": 4, \"endurance_cost\": 40}, \"has_attacked\": false, \"health_points\": 160, \"current_endurance\": 80, \"secondary_attack_1\": {\"name\": \"Crystal Wall\", \"damage\": 0, \"cosmos_cost\": 3, \"endurance_cost\": 30}, \"secondary_attack_2\": {\"name\": \"Starlight Extinction\", \"damage\": 200, \"cosmos_cost\": 6, \"endurance_cost\": 55}}, {\"id\": 3, \"cost\": 4, \"name\": \"Shiryu du Dragon\", \"image\": \"/storage/cards/QBQ8EfnfcRxT7jGcROV2RPSplZZweN3EPmIDpDj9.webp\", \"power\": 42, \"max_hp\": 130, \"defense\": 25, \"faction\": {\"name\": \"Chevaliers de Bronze\", \"color_primary\": \"#CD7F32\", \"color_secondary\": \"#8B4513\"}, \"endurance\": 85, \"current_hp\": 130, \"main_attack\": {\"name\": \"Rozan Sho Ryu Ha\", \"damage\": 90, \"cosmos_cost\": 2, \"endurance_cost\": 25}, \"has_attacked\": false, \"health_points\": 130, \"current_endurance\": 85, \"secondary_attack_1\": {\"name\": \"Rozan Hyaku Ryu Ha\", \"damage\": 150, \"cosmos_cost\": 5, \"endurance_cost\": 50}, \"secondary_attack_2\": {\"name\": \"Rozan Ko Ryu Ha\", \"damage\": 180, \"cosmos_cost\": 5, \"endurance_cost\": 60}}], \"field\": [], \"cosmos\": 5, \"max_cosmos\": 5}, \"all_combos\": [{\"id\": 1, \"name\": \"Athena  exclamation\", \"attack\": {\"id\": 45, \"name\": \"Bloody Rose\", \"damage\": 200, \"description\": \"La Rose Sanglante, l\'ultime rose visant le cœur.\", \"effect_type\": \"drain\", \"effect_value\": 30}, \"card_ids\": [6, 8, 10], \"cosmos_cost\": 2, \"description\": null, \"endurance_cost\": 2, \"leader_card_id\": 8}]}','finished',4,4,1,NULL,'2026-02-01 17:13:50','2026-02-01 17:13:57','2026-02-01 17:13:45','2026-02-01 17:13:57'),(10,1,NULL,1,NULL,NULL,'cancelled',NULL,NULL,1,NULL,NULL,NULL,'2026-02-01 17:13:46','2026-02-01 17:13:48'),(11,4,1,3,4,'{\"turn\": 1, \"player1\": {\"deck\": [], \"hand\": [], \"field\": [{\"id\": 2, \"cost\": 4, \"name\": \"Hyoga du Cygne\", \"image\": \"/storage/cards/A7Q3AXaicmF6PqjdangSUgNcDYBaV6EC4Jq1ipFC.webp\", \"power\": 40, \"max_hp\": 110, \"defense\": 20, \"faction\": {\"name\": \"Chevaliers de Bronze\", \"color_primary\": \"#CD7F32\", \"color_secondary\": \"#8B4513\"}, \"endurance\": 75, \"current_hp\": 110, \"main_attack\": {\"name\": \"Diamond Dust\", \"damage\": 75, \"cosmos_cost\": 2, \"endurance_cost\": 25}, \"has_attacked\": false, \"health_points\": 110, \"current_endurance\": 75, \"secondary_attack_1\": {\"name\": \"Aurora Thunder Attack\", \"damage\": 100, \"cosmos_cost\": 3, \"endurance_cost\": 30}, \"secondary_attack_2\": {\"name\": \"Kholodnyi Smerch\", \"damage\": 140, \"cosmos_cost\": 4, \"endurance_cost\": 40}}, {\"id\": 9, \"cost\": 6, \"name\": \"Death Mask du Cancer\", \"image\": \"/storage/cards/tt7p1AoaYpQfivM9Q4oF0yjH9RCaBwkMFi3x6UzA.webp\", \"power\": 70, \"max_hp\": 165, \"defense\": 28, \"faction\": {\"name\": \"Chevaliers d\'Or\", \"color_primary\": \"#FFD700\", \"color_secondary\": \"#DAA520\"}, \"endurance\": 85, \"current_hp\": 165, \"main_attack\": {\"name\": \"Sekishiki Meikai Ha\", \"damage\": 160, \"cosmos_cost\": 5, \"endurance_cost\": 45}, \"has_attacked\": true, \"health_points\": 165, \"current_endurance\": 40, \"secondary_attack_1\": {\"name\": \"Praesepe Underworld Waves\", \"damage\": 180, \"cosmos_cost\": 5, \"endurance_cost\": 50}, \"secondary_attack_2\": null}], \"cosmos\": 5, \"max_cosmos\": 10}, \"player2\": {\"deck\": [], \"hand\": [], \"field\": [{\"id\": 6, \"cost\": 6, \"name\": \"Mu du Belier\", \"image\": \"/storage/cards/baEWSrFhj1B3PgEP5nuff8XvQBZxE1CRv77HtvR3.webp\", \"power\": 65, \"max_hp\": 160, \"defense\": 40, \"faction\": {\"name\": \"Chevaliers d\'Or\", \"color_primary\": \"#FFD700\", \"color_secondary\": \"#DAA520\"}, \"endurance\": 80, \"current_hp\": 160, \"main_attack\": {\"name\": \"Stardust Revolution\", \"damage\": 170, \"cosmos_cost\": 4, \"endurance_cost\": 40}, \"has_attacked\": false, \"health_points\": 160, \"current_endurance\": 80, \"secondary_attack_1\": {\"name\": \"Crystal Wall\", \"damage\": 0, \"cosmos_cost\": 3, \"endurance_cost\": 30}, \"secondary_attack_2\": {\"name\": \"Starlight Extinction\", \"damage\": 200, \"cosmos_cost\": 6, \"endurance_cost\": 55}}, {\"id\": 13, \"cost\": 7, \"name\": \"Milo du Scorpion\", \"image\": \"/storage/cards/GOA8TAQfvOLHBj3plS6yfRsJTwHFN3GemaqXHjx1.webp\", \"power\": 70, \"max_hp\": 170, \"defense\": 28, \"faction\": {\"name\": \"Chevaliers d\'Or\", \"color_primary\": \"#FFD700\", \"color_secondary\": \"#DAA520\"}, \"endurance\": 95, \"current_hp\": 170, \"main_attack\": {\"name\": \"Scarlet Needle\", \"damage\": 95, \"cosmos_cost\": 3, \"endurance_cost\": 25}, \"has_attacked\": false, \"health_points\": 170, \"current_endurance\": 95, \"secondary_attack_1\": {\"name\": \"Scarlet Needle Antares\", \"damage\": 200, \"cosmos_cost\": 5, \"endurance_cost\": 50}, \"secondary_attack_2\": {\"name\": \"Restriction\", \"damage\": 50, \"cosmos_cost\": 4, \"endurance_cost\": 30}}], \"cosmos\": 8, \"max_cosmos\": 10}, \"all_combos\": [{\"id\": 1, \"name\": \"Athena  exclamation\", \"attack\": {\"id\": 45, \"name\": \"Bloody Rose\", \"damage\": 200, \"description\": \"La Rose Sanglante, l\'ultime rose visant le cœur.\", \"effect_type\": \"drain\", \"effect_value\": 30}, \"card_ids\": [6, 8, 13], \"cosmos_cost\": 2, \"description\": null, \"endurance_cost\": 2, \"leader_card_id\": 8}], \"used_combos\": {\"player1\": [], \"player2\": [1]}}','finished',1,4,13,'2026-02-01 17:23:07','2026-02-01 17:14:50','2026-02-01 17:23:19','2026-02-01 17:14:48','2026-02-01 17:23:19'),(12,4,1,3,4,'{\"turn\": 1, \"player1\": {\"deck\": [], \"hand\": [], \"field\": [], \"cosmos\": 6, \"max_cosmos\": 10}, \"player2\": {\"deck\": [], \"hand\": [], \"field\": [{\"id\": 6, \"cost\": 6, \"name\": \"Mu du Belier\", \"image\": \"/storage/cards/baEWSrFhj1B3PgEP5nuff8XvQBZxE1CRv77HtvR3.webp\", \"power\": 65, \"max_hp\": 160, \"defense\": 40, \"faction\": {\"name\": \"Chevaliers d\'Or\", \"color_primary\": \"#FFD700\", \"color_secondary\": \"#DAA520\"}, \"endurance\": 80, \"current_hp\": 160, \"main_attack\": {\"name\": \"Stardust Revolution\", \"damage\": 170, \"cosmos_cost\": 4, \"endurance_cost\": 40}, \"has_attacked\": true, \"health_points\": 160, \"current_endurance\": 40, \"secondary_attack_1\": {\"name\": \"Crystal Wall\", \"damage\": 0, \"cosmos_cost\": 3, \"endurance_cost\": 30}, \"secondary_attack_2\": {\"name\": \"Starlight Extinction\", \"damage\": 200, \"cosmos_cost\": 6, \"endurance_cost\": 55}}, {\"id\": 13, \"cost\": 7, \"name\": \"Milo du Scorpion\", \"image\": \"/storage/cards/GOA8TAQfvOLHBj3plS6yfRsJTwHFN3GemaqXHjx1.webp\", \"power\": 70, \"max_hp\": 170, \"defense\": 28, \"faction\": {\"name\": \"Chevaliers d\'Or\", \"color_primary\": \"#FFD700\", \"color_secondary\": \"#DAA520\"}, \"endurance\": 95, \"current_hp\": 170, \"main_attack\": {\"name\": \"Scarlet Needle\", \"damage\": 95, \"cosmos_cost\": 3, \"endurance_cost\": 25}, \"has_attacked\": false, \"health_points\": 170, \"current_endurance\": 95, \"secondary_attack_1\": {\"name\": \"Scarlet Needle Antares\", \"damage\": 200, \"cosmos_cost\": 5, \"endurance_cost\": 50}, \"secondary_attack_2\": {\"name\": \"Restriction\", \"damage\": 50, \"cosmos_cost\": 4, \"endurance_cost\": 30}}], \"cosmos\": 6, \"max_cosmos\": 10}, \"all_combos\": [{\"id\": 1, \"name\": \"Athena  exclamation\", \"attack\": {\"id\": 45, \"name\": \"Bloody Rose\", \"damage\": 200, \"description\": \"La Rose Sanglante, l\'ultime rose visant le cœur.\", \"effect_type\": \"drain\", \"effect_value\": 30}, \"card_ids\": [6, 8, 13], \"cosmos_cost\": 2, \"description\": null, \"endurance_cost\": 2, \"leader_card_id\": 8}], \"used_combos\": {\"player1\": [], \"player2\": [1]}}','finished',1,1,14,'2026-02-01 17:35:11','2026-02-01 17:32:57','2026-02-01 17:35:11','2026-02-01 17:32:53','2026-02-01 17:35:11'),(13,3,4,2,3,NULL,'finished',4,NULL,1,NULL,NULL,'2026-02-04 11:18:08','2026-02-04 11:14:36','2026-02-04 11:18:08'),(14,3,4,2,3,'{\"turn\": 1, \"player1\": {\"deck\": [{\"id\": 10, \"cost\": 7, \"name\": \"Aiolia du Lion\", \"image\": \"/storage/cards/4SIGxZc599rT7kNNRtbQtr1pHnfr5nOJwbq9Hf5W.jpg\", \"power\": 75, \"max_hp\": 180, \"rarity\": \"legendary\", \"defense\": 35, \"faction\": {\"name\": \"Chevaliers d\'Or\", \"color_primary\": \"#FFD700\", \"color_secondary\": \"#DAA520\"}, \"endurance\": 100, \"can_attack\": false, \"current_hp\": 180, \"instance_id\": \"card_69832cb927142\", \"main_attack\": {\"name\": \"Lightning Plasma\", \"damage\": 180, \"cosmos_cost\": 4, \"endurance_cost\": 45}, \"health_points\": 180, \"current_endurance\": 100, \"secondary_attack_1\": {\"name\": \"Lightning Bolt\", \"damage\": 130, \"cosmos_cost\": 3, \"endurance_cost\": 30}, \"secondary_attack_2\": {\"name\": \"Photon Burst\", \"damage\": 200, \"cosmos_cost\": 5, \"endurance_cost\": 50}}], \"hand\": [{\"id\": 2, \"cost\": 4, \"name\": \"Hyoga du Cygne\", \"image\": \"/storage/cards/A7Q3AXaicmF6PqjdangSUgNcDYBaV6EC4Jq1ipFC.webp\", \"power\": 40, \"max_hp\": 110, \"rarity\": \"rare\", \"defense\": 20, \"faction\": {\"name\": \"Chevaliers de Bronze\", \"color_primary\": \"#CD7F32\", \"color_secondary\": \"#8B4513\"}, \"endurance\": 75, \"can_attack\": false, \"current_hp\": 110, \"instance_id\": \"card_69832cb926b84\", \"main_attack\": {\"name\": \"Diamond Dust\", \"damage\": 75, \"cosmos_cost\": 2, \"endurance_cost\": 25}, \"health_points\": 110, \"current_endurance\": 75, \"secondary_attack_1\": {\"name\": \"Aurora Thunder Attack\", \"damage\": 100, \"cosmos_cost\": 3, \"endurance_cost\": 30}, \"secondary_attack_2\": {\"name\": \"Kholodnyi Smerch\", \"damage\": 140, \"cosmos_cost\": 4, \"endurance_cost\": 40}}, {\"id\": 22, \"cost\": 3, \"name\": \"Niobe de Deep\", \"image\": \"/storage/cards/WIWxBuPbi4NsFxkqyA0TciZG9BioNgiODGlrrBGj.jpg\", \"power\": 45, \"max_hp\": 110, \"rarity\": \"rare\", \"defense\": 18, \"faction\": {\"name\": \"Spectres d\'Hadès\", \"color_primary\": \"#4B0082\", \"color_secondary\": \"#1a0033\"}, \"endurance\": 70, \"can_attack\": false, \"current_hp\": 110, \"instance_id\": \"card_69832cb9275c3\", \"main_attack\": {\"name\": \"Deep Fragrance\", \"damage\": 90, \"cosmos_cost\": 3, \"endurance_cost\": 25}, \"health_points\": 110, \"current_endurance\": 70, \"secondary_attack_1\": {\"name\": \"Deep Sleep\", \"damage\": 130, \"cosmos_cost\": 4, \"endurance_cost\": 40}, \"secondary_attack_2\": null}, {\"id\": 34, \"cost\": 9, \"name\": \"Hypnos\", \"image\": \"/storage/cards/M3JuQrMN47B0G73Cgp6MS77BSnW4PsUKBuctM9qq.png\", \"power\": 88, \"max_hp\": 240, \"rarity\": \"mythic\", \"defense\": 42, \"faction\": {\"name\": \"Spectres d\'Hadès\", \"color_primary\": \"#4B0082\", \"color_secondary\": \"#1a0033\"}, \"endurance\": 115, \"can_attack\": false, \"current_hp\": 240, \"instance_id\": \"card_69832cb9277fa\", \"main_attack\": {\"name\": \"Eternal Drowsiness\", \"damage\": 180, \"cosmos_cost\": 6, \"endurance_cost\": 50}, \"health_points\": 240, \"current_endurance\": 115, \"secondary_attack_1\": {\"name\": \"Encounter Another Field\", \"damage\": 200, \"cosmos_cost\": 6, \"endurance_cost\": 55}, \"secondary_attack_2\": null}, {\"id\": 5, \"cost\": 5, \"name\": \"Ikki du Phenix\", \"image\": \"/storage/cards/sw4NqrUquD9A2pwxuGpGN2lUC4yn4fOSq7pFyRqb.webp\", \"power\": 55, \"max_hp\": 140, \"rarity\": \"rare\", \"defense\": 18, \"faction\": {\"name\": \"Chevaliers de Bronze\", \"color_primary\": \"#CD7F32\", \"color_secondary\": \"#8B4513\"}, \"endurance\": 90, \"can_attack\": false, \"current_hp\": 140, \"instance_id\": \"card_69832cb926e87\", \"main_attack\": {\"name\": \"Ho Yoku Tensho\", \"damage\": 160, \"cosmos_cost\": 4, \"endurance_cost\": 45}, \"health_points\": 140, \"current_endurance\": 90, \"secondary_attack_1\": {\"name\": \"Phoenix Genma Ken\", \"damage\": 60, \"cosmos_cost\": 4, \"endurance_cost\": 30}, \"secondary_attack_2\": {\"name\": \"Thunder Claw\", \"damage\": 85, \"cosmos_cost\": 2, \"endurance_cost\": 20}}, {\"id\": 12, \"cost\": 8, \"name\": \"Dohko de la Balance\", \"image\": \"/storage/cards/dTwTyvKTDYtRZ63w7XYE6mPiFtdxFre1LYcUSP9o.webp\", \"power\": 75, \"max_hp\": 190, \"rarity\": \"legendary\", \"defense\": 40, \"faction\": {\"name\": \"Chevaliers d\'Or\", \"color_primary\": \"#FFD700\", \"color_secondary\": \"#DAA520\"}, \"endurance\": 110, \"can_attack\": false, \"current_hp\": 190, \"instance_id\": \"card_69832cb92737f\", \"main_attack\": {\"name\": \"Rozan Hyaku Ryu Ha Master\", \"damage\": 190, \"cosmos_cost\": 5, \"endurance_cost\": 50}, \"health_points\": 190, \"current_endurance\": 110, \"secondary_attack_1\": {\"name\": \"Rozan Ko Ryu Ha Master\", \"damage\": 220, \"cosmos_cost\": 6, \"endurance_cost\": 60}, \"secondary_attack_2\": null}], \"field\": [], \"cosmos\": 5, \"max_cosmos\": 5}, \"player2\": {\"deck\": [], \"hand\": [{\"id\": 1, \"cost\": 4, \"name\": \"Seiya de Pegase\", \"image\": \"/storage/cards/kR4cV7hpUVPsAr0ZAPWQNDwF96WTRhjtRoNPNyuv.webp\", \"power\": 45, \"max_hp\": 120, \"rarity\": \"rare\", \"defense\": 15, \"faction\": {\"name\": \"Chevaliers de Bronze\", \"color_primary\": \"#CD7F32\", \"color_secondary\": \"#8B4513\"}, \"endurance\": 80, \"can_attack\": false, \"current_hp\": 120, \"instance_id\": \"card_69832cb929d33\", \"main_attack\": {\"name\": \"Pegasus Ryusei Ken\", \"damage\": 80, \"cosmos_cost\": 2, \"endurance_cost\": 20}, \"health_points\": 120, \"current_endurance\": 80, \"secondary_attack_1\": {\"name\": \"Pegasus Suisei Ken\", \"damage\": 120, \"cosmos_cost\": 3, \"endurance_cost\": 35}, \"secondary_attack_2\": {\"name\": \"Pegasus Rolling Crash\", \"damage\": 100, \"cosmos_cost\": 2, \"endurance_cost\": 30}}, {\"id\": 2, \"cost\": 4, \"name\": \"Hyoga du Cygne\", \"image\": \"/storage/cards/A7Q3AXaicmF6PqjdangSUgNcDYBaV6EC4Jq1ipFC.webp\", \"power\": 40, \"max_hp\": 110, \"rarity\": \"rare\", \"defense\": 20, \"faction\": {\"name\": \"Chevaliers de Bronze\", \"color_primary\": \"#CD7F32\", \"color_secondary\": \"#8B4513\"}, \"endurance\": 75, \"can_attack\": false, \"current_hp\": 110, \"instance_id\": \"card_69832cb92a091\", \"main_attack\": {\"name\": \"Diamond Dust\", \"damage\": 75, \"cosmos_cost\": 2, \"endurance_cost\": 25}, \"health_points\": 110, \"current_endurance\": 75, \"secondary_attack_1\": {\"name\": \"Aurora Thunder Attack\", \"damage\": 100, \"cosmos_cost\": 3, \"endurance_cost\": 30}, \"secondary_attack_2\": {\"name\": \"Kholodnyi Smerch\", \"damage\": 140, \"cosmos_cost\": 4, \"endurance_cost\": 40}}, {\"id\": 20, \"cost\": 5, \"name\": \"Lune de Balron\", \"image\": \"/storage/cards/8gsylTriMBUUlecXpzIUSH8rOBN3movIyVqWHPTV.jpg\", \"power\": 55, \"max_hp\": 140, \"rarity\": \"epic\", \"defense\": 25, \"faction\": {\"name\": \"Spectres d\'Hadès\", \"color_primary\": \"#4B0082\", \"color_secondary\": \"#1a0033\"}, \"endurance\": 80, \"can_attack\": false, \"current_hp\": 140, \"instance_id\": \"card_69832cb92a625\", \"main_attack\": {\"name\": \"Reincarnation\", \"damage\": 100, \"cosmos_cost\": 4, \"endurance_cost\": 35}, \"health_points\": 140, \"current_endurance\": 80, \"secondary_attack_1\": {\"name\": \"Fire Whip\", \"damage\": 130, \"cosmos_cost\": 3, \"endurance_cost\": 30}, \"secondary_attack_2\": null}, {\"id\": 9, \"cost\": 6, \"name\": \"Death Mask du Cancer\", \"image\": \"/storage/cards/tt7p1AoaYpQfivM9Q4oF0yjH9RCaBwkMFi3x6UzA.webp\", \"power\": 70, \"max_hp\": 165, \"rarity\": \"legendary\", \"defense\": 28, \"faction\": {\"name\": \"Chevaliers d\'Or\", \"color_primary\": \"#FFD700\", \"color_secondary\": \"#DAA520\"}, \"endurance\": 85, \"can_attack\": false, \"current_hp\": 165, \"instance_id\": \"card_69832cb92a3ca\", \"main_attack\": {\"name\": \"Sekishiki Meikai Ha\", \"damage\": 160, \"cosmos_cost\": 5, \"endurance_cost\": 45}, \"health_points\": 165, \"current_endurance\": 85, \"secondary_attack_1\": {\"name\": \"Praesepe Underworld Waves\", \"damage\": 180, \"cosmos_cost\": 5, \"endurance_cost\": 50}, \"secondary_attack_2\": null}], \"field\": [], \"cosmos\": 5, \"max_cosmos\": 5}, \"all_combos\": [{\"id\": 1, \"name\": \"Athena  exclamation\", \"attack\": {\"id\": 45, \"name\": \"Bloody Rose\", \"damage\": 200, \"description\": \"La Rose Sanglante, l\'ultime rose visant le cœur.\", \"effect_type\": \"drain\", \"effect_value\": 30}, \"card_ids\": [6, 8, 13], \"cosmos_cost\": 2, \"description\": null, \"endurance_cost\": 2, \"leader_card_id\": 8}], \"used_combos\": {\"player1\": [], \"player2\": []}}','finished',3,3,1,NULL,'2026-02-04 11:25:45','2026-02-04 11:27:16','2026-02-04 11:25:45','2026-02-04 11:27:16'),(15,3,4,2,3,'{\"turn\": 1, \"player1\": {\"deck\": [], \"hand\": [{\"id\": 34, \"cost\": 9, \"name\": \"Hypnos\", \"image\": \"/storage/cards/M3JuQrMN47B0G73Cgp6MS77BSnW4PsUKBuctM9qq.png\", \"power\": 88, \"max_hp\": 240, \"rarity\": \"mythic\", \"defense\": 42, \"faction\": {\"name\": \"Spectres d\'Hadès\", \"color_primary\": \"#4B0082\", \"color_secondary\": \"#1a0033\"}, \"endurance\": 115, \"can_attack\": false, \"current_hp\": 240, \"instance_id\": \"card_69832d575537d\", \"main_attack\": {\"name\": \"Eternal Drowsiness\", \"damage\": 180, \"cosmos_cost\": 6, \"endurance_cost\": 50}, \"health_points\": 240, \"current_endurance\": 115, \"secondary_attack_1\": {\"name\": \"Encounter Another Field\", \"damage\": 200, \"cosmos_cost\": 6, \"endurance_cost\": 55}, \"secondary_attack_2\": null}, {\"id\": 12, \"cost\": 8, \"name\": \"Dohko de la Balance\", \"image\": \"/storage/cards/dTwTyvKTDYtRZ63w7XYE6mPiFtdxFre1LYcUSP9o.webp\", \"power\": 75, \"max_hp\": 190, \"rarity\": \"legendary\", \"defense\": 40, \"faction\": {\"name\": \"Chevaliers d\'Or\", \"color_primary\": \"#FFD700\", \"color_secondary\": \"#DAA520\"}, \"endurance\": 110, \"can_attack\": false, \"current_hp\": 190, \"instance_id\": \"card_69832d5754c4e\", \"main_attack\": {\"name\": \"Rozan Hyaku Ryu Ha Master\", \"damage\": 190, \"cosmos_cost\": 5, \"endurance_cost\": 50}, \"health_points\": 190, \"current_endurance\": 110, \"secondary_attack_1\": {\"name\": \"Rozan Ko Ryu Ha Master\", \"damage\": 220, \"cosmos_cost\": 6, \"endurance_cost\": 60}, \"secondary_attack_2\": null}, {\"id\": 2, \"cost\": 4, \"name\": \"Hyoga du Cygne\", \"image\": \"/storage/cards/A7Q3AXaicmF6PqjdangSUgNcDYBaV6EC4Jq1ipFC.webp\", \"power\": 40, \"max_hp\": 110, \"rarity\": \"rare\", \"defense\": 20, \"faction\": {\"name\": \"Chevaliers de Bronze\", \"color_primary\": \"#CD7F32\", \"color_secondary\": \"#8B4513\"}, \"endurance\": 75, \"can_attack\": false, \"current_hp\": 110, \"instance_id\": \"card_69832d575452f\", \"main_attack\": {\"name\": \"Diamond Dust\", \"damage\": 75, \"cosmos_cost\": 2, \"endurance_cost\": 25}, \"health_points\": 110, \"current_endurance\": 75, \"secondary_attack_1\": {\"name\": \"Aurora Thunder Attack\", \"damage\": 100, \"cosmos_cost\": 3, \"endurance_cost\": 30}, \"secondary_attack_2\": {\"name\": \"Kholodnyi Smerch\", \"damage\": 140, \"cosmos_cost\": 4, \"endurance_cost\": 40}}, {\"id\": 10, \"cost\": 7, \"name\": \"Aiolia du Lion\", \"image\": \"/storage/cards/4SIGxZc599rT7kNNRtbQtr1pHnfr5nOJwbq9Hf5W.jpg\", \"power\": 75, \"max_hp\": 180, \"rarity\": \"legendary\", \"defense\": 35, \"faction\": {\"name\": \"Chevaliers d\'Or\", \"color_primary\": \"#FFD700\", \"color_secondary\": \"#DAA520\"}, \"endurance\": 100, \"can_attack\": false, \"current_hp\": 180, \"instance_id\": \"card_69832d57549f2\", \"main_attack\": {\"name\": \"Lightning Plasma\", \"damage\": 180, \"cosmos_cost\": 4, \"endurance_cost\": 45}, \"health_points\": 180, \"current_endurance\": 100, \"secondary_attack_1\": {\"name\": \"Lightning Bolt\", \"damage\": 130, \"cosmos_cost\": 3, \"endurance_cost\": 30}, \"secondary_attack_2\": {\"name\": \"Photon Burst\", \"damage\": 200, \"cosmos_cost\": 5, \"endurance_cost\": 50}}, {\"id\": 22, \"cost\": 3, \"name\": \"Niobe de Deep\", \"image\": \"/storage/cards/WIWxBuPbi4NsFxkqyA0TciZG9BioNgiODGlrrBGj.jpg\", \"power\": 45, \"max_hp\": 110, \"rarity\": \"rare\", \"defense\": 18, \"faction\": {\"name\": \"Spectres d\'Hadès\", \"color_primary\": \"#4B0082\", \"color_secondary\": \"#1a0033\"}, \"endurance\": 70, \"can_attack\": false, \"current_hp\": 110, \"instance_id\": \"card_69832d5754f21\", \"main_attack\": {\"name\": \"Deep Fragrance\", \"damage\": 90, \"cosmos_cost\": 3, \"endurance_cost\": 25}, \"health_points\": 110, \"current_endurance\": 70, \"secondary_attack_1\": {\"name\": \"Deep Sleep\", \"damage\": 130, \"cosmos_cost\": 4, \"endurance_cost\": 40}, \"secondary_attack_2\": null}], \"field\": [{\"id\": 5, \"cost\": 5, \"name\": \"Ikki du Phenix\", \"image\": \"/storage/cards/sw4NqrUquD9A2pwxuGpGN2lUC4yn4fOSq7pFyRqb.webp\", \"power\": 55, \"max_hp\": 140, \"rarity\": \"rare\", \"defense\": 18, \"faction\": {\"name\": \"Chevaliers de Bronze\", \"color_primary\": \"#CD7F32\", \"color_secondary\": \"#8B4513\"}, \"endurance\": 90, \"can_attack\": false, \"current_hp\": 140, \"instance_id\": \"card_69832d575479c\", \"main_attack\": {\"name\": \"Ho Yoku Tensho\", \"damage\": 160, \"cosmos_cost\": 4, \"endurance_cost\": 45}, \"has_attacked\": true, \"health_points\": 140, \"current_endurance\": 45, \"secondary_attack_1\": {\"name\": \"Phoenix Genma Ken\", \"damage\": 60, \"cosmos_cost\": 4, \"endurance_cost\": 30}, \"secondary_attack_2\": {\"name\": \"Thunder Claw\", \"damage\": 85, \"cosmos_cost\": 2, \"endurance_cost\": 20}}], \"cosmos\": 2, \"max_cosmos\": 6}, \"player2\": {\"deck\": [], \"hand\": [{\"id\": 20, \"cost\": 5, \"name\": \"Lune de Balron\", \"image\": \"/storage/cards/8gsylTriMBUUlecXpzIUSH8rOBN3movIyVqWHPTV.jpg\", \"power\": 55, \"max_hp\": 140, \"rarity\": \"epic\", \"defense\": 25, \"faction\": {\"name\": \"Spectres d\'Hadès\", \"color_primary\": \"#4B0082\", \"color_secondary\": \"#1a0033\"}, \"endurance\": 80, \"can_attack\": false, \"current_hp\": 140, \"instance_id\": \"card_69832d5758027\", \"main_attack\": {\"name\": \"Reincarnation\", \"damage\": 100, \"cosmos_cost\": 4, \"endurance_cost\": 35}, \"health_points\": 140, \"current_endurance\": 80, \"secondary_attack_1\": {\"name\": \"Fire Whip\", \"damage\": 130, \"cosmos_cost\": 3, \"endurance_cost\": 30}, \"secondary_attack_2\": null}, {\"id\": 2, \"cost\": 4, \"name\": \"Hyoga du Cygne\", \"image\": \"/storage/cards/A7Q3AXaicmF6PqjdangSUgNcDYBaV6EC4Jq1ipFC.webp\", \"power\": 40, \"max_hp\": 110, \"rarity\": \"rare\", \"defense\": 20, \"faction\": {\"name\": \"Chevaliers de Bronze\", \"color_primary\": \"#CD7F32\", \"color_secondary\": \"#8B4513\"}, \"endurance\": 75, \"can_attack\": false, \"current_hp\": 110, \"instance_id\": \"card_69832d5757c2c\", \"main_attack\": {\"name\": \"Diamond Dust\", \"damage\": 75, \"cosmos_cost\": 2, \"endurance_cost\": 25}, \"health_points\": 110, \"current_endurance\": 75, \"secondary_attack_1\": {\"name\": \"Aurora Thunder Attack\", \"damage\": 100, \"cosmos_cost\": 3, \"endurance_cost\": 30}, \"secondary_attack_2\": {\"name\": \"Kholodnyi Smerch\", \"damage\": 140, \"cosmos_cost\": 4, \"endurance_cost\": 40}}, {\"id\": 9, \"cost\": 6, \"name\": \"Death Mask du Cancer\", \"image\": \"/storage/cards/tt7p1AoaYpQfivM9Q4oF0yjH9RCaBwkMFi3x6UzA.webp\", \"power\": 70, \"max_hp\": 165, \"rarity\": \"legendary\", \"defense\": 28, \"faction\": {\"name\": \"Chevaliers d\'Or\", \"color_primary\": \"#FFD700\", \"color_secondary\": \"#DAA520\"}, \"endurance\": 85, \"can_attack\": false, \"current_hp\": 165, \"instance_id\": \"card_69832d5757e2a\", \"main_attack\": {\"name\": \"Sekishiki Meikai Ha\", \"damage\": 160, \"cosmos_cost\": 5, \"endurance_cost\": 45}, \"health_points\": 165, \"current_endurance\": 85, \"secondary_attack_1\": {\"name\": \"Praesepe Underworld Waves\", \"damage\": 180, \"cosmos_cost\": 5, \"endurance_cost\": 50}, \"secondary_attack_2\": null}], \"field\": [], \"cosmos\": 2, \"max_cosmos\": 6}, \"all_combos\": [{\"id\": 1, \"name\": \"Athena  exclamation\", \"attack\": {\"id\": 45, \"name\": \"Bloody Rose\", \"damage\": 200, \"description\": \"La Rose Sanglante, l\'ultime rose visant le cœur.\", \"effect_type\": \"drain\", \"effect_value\": 30}, \"card_ids\": [6, 8, 13], \"cosmos_cost\": 2, \"description\": null, \"endurance_cost\": 2, \"leader_card_id\": 8}], \"used_combos\": {\"player1\": [], \"player2\": []}}','finished',4,3,3,'2026-02-04 11:28:41','2026-02-04 11:28:23','2026-02-04 11:28:58','2026-02-04 11:28:23','2026-02-04 11:28:58'),(16,5,4,6,3,'{\"turn\": 1, \"player1\": {\"deck\": [{\"id\": 39, \"cost\": 1, \"name\": \"Sentinelle du Sanctuaire\", \"image\": null, \"power\": 12, \"max_hp\": 70, \"rarity\": \"common\", \"defense\": 10, \"faction\": {\"name\": \"Chevaliers de Bronze\", \"color_primary\": \"#CD7F32\", \"color_secondary\": \"#8B4513\"}, \"endurance\": 35, \"can_attack\": false, \"current_hp\": 70, \"instance_id\": \"card_698393a0bc4c8\", \"main_attack\": {\"name\": \"Coup de poing\", \"damage\": 15, \"cosmos_cost\": 0, \"endurance_cost\": 5}, \"has_attacked\": false, \"health_points\": 70, \"current_endurance\": 35, \"secondary_attack_1\": {\"name\": \"Garde\", \"damage\": 0, \"cosmos_cost\": 0, \"endurance_cost\": 0}, \"secondary_attack_2\": null}], \"hand\": [{\"id\": 6, \"cost\": 6, \"name\": \"Mu du Belier\", \"image\": \"/storage/cards/baEWSrFhj1B3PgEP5nuff8XvQBZxE1CRv77HtvR3.webp\", \"power\": 65, \"max_hp\": 160, \"rarity\": \"legendary\", \"defense\": 40, \"faction\": {\"name\": \"Chevaliers d\'Or\", \"color_primary\": \"#FFD700\", \"color_secondary\": \"#DAA520\"}, \"endurance\": 80, \"can_attack\": false, \"current_hp\": 160, \"instance_id\": \"card_698393a0bbaf0\", \"main_attack\": {\"name\": \"Stardust Revolution\", \"damage\": 170, \"cosmos_cost\": 4, \"endurance_cost\": 40}, \"has_attacked\": false, \"health_points\": 160, \"current_endurance\": 80, \"secondary_attack_1\": {\"name\": \"Crystal Wall\", \"damage\": 0, \"cosmos_cost\": 3, \"endurance_cost\": 30}, \"secondary_attack_2\": {\"name\": \"Starlight Extinction\", \"damage\": 200, \"cosmos_cost\": 6, \"endurance_cost\": 55}}, {\"id\": 18, \"cost\": 4, \"name\": \"Charon de l\'Acheron\", \"image\": \"/storage/cards/ktoTHGvEh4OTLQdxJzlMYf6ubDQORaHUrJkuSxlc.jpg\", \"power\": 50, \"max_hp\": 130, \"rarity\": \"rare\", \"defense\": 22, \"faction\": {\"name\": \"Spectres d\'Hadès\", \"color_primary\": \"#4B0082\", \"color_secondary\": \"#1a0033\"}, \"endurance\": 75, \"can_attack\": false, \"current_hp\": 130, \"instance_id\": \"card_698393a0bbcf3\", \"main_attack\": {\"name\": \"Rolling Oar\", \"damage\": 120, \"cosmos_cost\": 3, \"endurance_cost\": 30}, \"has_attacked\": false, \"health_points\": 130, \"current_endurance\": 75, \"secondary_attack_1\": {\"name\": \"Eddying Current Crusher\", \"damage\": 150, \"cosmos_cost\": 4, \"endurance_cost\": 40}, \"secondary_attack_2\": null}, {\"id\": 37, \"cost\": 1, \"name\": \"Garde d\'Argent\", \"image\": null, \"power\": 18, \"max_hp\": 60, \"rarity\": \"common\", \"defense\": 8, \"faction\": {\"name\": \"Chevaliers de Bronze\", \"color_primary\": \"#CD7F32\", \"color_secondary\": \"#8B4513\"}, \"endurance\": 35, \"can_attack\": false, \"current_hp\": 60, \"instance_id\": \"card_698393a0bc11b\", \"main_attack\": {\"name\": \"Coup de poing\", \"damage\": 15, \"cosmos_cost\": 0, \"endurance_cost\": 5}, \"has_attacked\": false, \"health_points\": 60, \"current_endurance\": 35, \"secondary_attack_1\": {\"name\": \"Garde\", \"damage\": 0, \"cosmos_cost\": 0, \"endurance_cost\": 0}, \"secondary_attack_2\": null}, {\"id\": 38, \"cost\": 1, \"name\": \"Apprenti Chevalier\", \"image\": null, \"power\": 20, \"max_hp\": 55, \"rarity\": \"common\", \"defense\": 6, \"faction\": {\"name\": \"Chevaliers de Bronze\", \"color_primary\": \"#CD7F32\", \"color_secondary\": \"#8B4513\"}, \"endurance\": 40, \"can_attack\": false, \"current_hp\": 55, \"instance_id\": \"card_698393a0bc2f5\", \"main_attack\": {\"name\": \"Coup de poing\", \"damage\": 15, \"cosmos_cost\": 0, \"endurance_cost\": 5}, \"has_attacked\": false, \"health_points\": 55, \"current_endurance\": 40, \"secondary_attack_1\": {\"name\": \"Garde\", \"damage\": 0, \"cosmos_cost\": 0, \"endurance_cost\": 0}, \"secondary_attack_2\": null}], \"field\": [{\"id\": 1, \"cost\": 4, \"name\": \"Seiya de Pegase\", \"image\": \"/storage/cards/kR4cV7hpUVPsAr0ZAPWQNDwF96WTRhjtRoNPNyuv.webp\", \"power\": 45, \"max_hp\": 120, \"rarity\": \"rare\", \"defense\": 15, \"faction\": {\"name\": \"Chevaliers de Bronze\", \"color_primary\": \"#CD7F32\", \"color_secondary\": \"#8B4513\"}, \"endurance\": 80, \"can_attack\": false, \"current_hp\": 20, \"instance_id\": \"card_698393a0bb883\", \"main_attack\": {\"name\": \"Pegasus Ryusei Ken\", \"damage\": 80, \"cosmos_cost\": 2, \"endurance_cost\": 20}, \"has_attacked\": false, \"health_points\": 120, \"current_endurance\": 80, \"secondary_attack_1\": {\"name\": \"Pegasus Suisei Ken\", \"damage\": 120, \"cosmos_cost\": 3, \"endurance_cost\": 35}, \"secondary_attack_2\": {\"name\": \"Pegasus Rolling Crash\", \"damage\": 100, \"cosmos_cost\": 2, \"endurance_cost\": 30}}, {\"id\": 28, \"cost\": 5, \"name\": \"Myu du Papillon\", \"image\": \"/storage/cards/Pwp14qLRch6q61eXX0iRA4sqShgQXQziH2UL2rph.jpg\", \"power\": 58, \"max_hp\": 145, \"rarity\": \"epic\", \"defense\": 24, \"faction\": {\"name\": \"Spectres d\'Hadès\", \"color_primary\": \"#4B0082\", \"color_secondary\": \"#1a0033\"}, \"endurance\": 82, \"can_attack\": false, \"current_hp\": 145, \"instance_id\": \"card_698393a0bbf48\", \"main_attack\": {\"name\": \"Ugly Eruption\", \"damage\": 170, \"cosmos_cost\": 5, \"endurance_cost\": 45}, \"has_attacked\": false, \"health_points\": 145, \"current_endurance\": 82, \"secondary_attack_1\": {\"name\": \"Fairy Thronging\", \"damage\": 135, \"cosmos_cost\": 4, \"endurance_cost\": 35}, \"secondary_attack_2\": {\"name\": \"Silky Thread\", \"damage\": 100, \"cosmos_cost\": 3, \"endurance_cost\": 30}}], \"cosmos\": 1, \"max_cosmos\": 6}, \"player2\": {\"deck\": [], \"hand\": [{\"id\": 9, \"cost\": 6, \"name\": \"Death Mask du Cancer\", \"image\": \"/storage/cards/tt7p1AoaYpQfivM9Q4oF0yjH9RCaBwkMFi3x6UzA.webp\", \"power\": 70, \"max_hp\": 165, \"rarity\": \"legendary\", \"defense\": 28, \"faction\": {\"name\": \"Chevaliers d\'Or\", \"color_primary\": \"#FFD700\", \"color_secondary\": \"#DAA520\"}, \"endurance\": 85, \"can_attack\": false, \"current_hp\": 165, \"instance_id\": \"card_698393a0bf3a4\", \"main_attack\": {\"name\": \"Sekishiki Meikai Ha\", \"damage\": 160, \"cosmos_cost\": 5, \"endurance_cost\": 45}, \"has_attacked\": false, \"health_points\": 165, \"current_endurance\": 85, \"secondary_attack_1\": {\"name\": \"Praesepe Underworld Waves\", \"damage\": 180, \"cosmos_cost\": 5, \"endurance_cost\": 50}, \"secondary_attack_2\": null}, {\"id\": 20, \"cost\": 5, \"name\": \"Lune de Balron\", \"image\": \"/storage/cards/8gsylTriMBUUlecXpzIUSH8rOBN3movIyVqWHPTV.jpg\", \"power\": 55, \"max_hp\": 140, \"rarity\": \"epic\", \"defense\": 25, \"faction\": {\"name\": \"Spectres d\'Hadès\", \"color_primary\": \"#4B0082\", \"color_secondary\": \"#1a0033\"}, \"endurance\": 80, \"can_attack\": false, \"current_hp\": 140, \"instance_id\": \"card_698393a0bf5a8\", \"main_attack\": {\"name\": \"Reincarnation\", \"damage\": 100, \"cosmos_cost\": 4, \"endurance_cost\": 35}, \"has_attacked\": false, \"health_points\": 140, \"current_endurance\": 80, \"secondary_attack_1\": {\"name\": \"Fire Whip\", \"damage\": 130, \"cosmos_cost\": 3, \"endurance_cost\": 30}, \"secondary_attack_2\": null}, {\"id\": 1, \"cost\": 4, \"name\": \"Seiya de Pegase\", \"image\": \"/storage/cards/kR4cV7hpUVPsAr0ZAPWQNDwF96WTRhjtRoNPNyuv.webp\", \"power\": 45, \"max_hp\": 120, \"rarity\": \"rare\", \"defense\": 15, \"faction\": {\"name\": \"Chevaliers de Bronze\", \"color_primary\": \"#CD7F32\", \"color_secondary\": \"#8B4513\"}, \"endurance\": 80, \"can_attack\": false, \"current_hp\": 120, \"instance_id\": \"card_698393a0bef2f\", \"main_attack\": {\"name\": \"Pegasus Ryusei Ken\", \"damage\": 80, \"cosmos_cost\": 2, \"endurance_cost\": 20}, \"has_attacked\": false, \"health_points\": 120, \"current_endurance\": 80, \"secondary_attack_1\": {\"name\": \"Pegasus Suisei Ken\", \"damage\": 120, \"cosmos_cost\": 3, \"endurance_cost\": 35}, \"secondary_attack_2\": {\"name\": \"Pegasus Rolling Crash\", \"damage\": 100, \"cosmos_cost\": 2, \"endurance_cost\": 30}}], \"field\": [{\"id\": 2, \"cost\": 4, \"name\": \"Hyoga du Cygne\", \"image\": \"/storage/cards/A7Q3AXaicmF6PqjdangSUgNcDYBaV6EC4Jq1ipFC.webp\", \"power\": 40, \"max_hp\": 110, \"rarity\": \"rare\", \"defense\": 20, \"faction\": {\"name\": \"Chevaliers de Bronze\", \"color_primary\": \"#CD7F32\", \"color_secondary\": \"#8B4513\"}, \"endurance\": 75, \"can_attack\": false, \"current_hp\": 110, \"instance_id\": \"card_698393a0bf19e\", \"main_attack\": {\"name\": \"Diamond Dust\", \"damage\": 75, \"cosmos_cost\": 2, \"endurance_cost\": 25}, \"has_attacked\": false, \"health_points\": 110, \"current_endurance\": 75, \"secondary_attack_1\": {\"name\": \"Aurora Thunder Attack\", \"damage\": 100, \"cosmos_cost\": 3, \"endurance_cost\": 30}, \"secondary_attack_2\": {\"name\": \"Kholodnyi Smerch\", \"damage\": 140, \"cosmos_cost\": 4, \"endurance_cost\": 40}}], \"cosmos\": 7, \"max_cosmos\": 7}, \"all_combos\": [{\"id\": 1, \"name\": \"Athena  exclamation\", \"attack\": {\"id\": 45, \"name\": \"Bloody Rose\", \"damage\": 200, \"description\": \"La Rose Sanglante, l\'ultime rose visant le cœur.\", \"effect_type\": \"drain\", \"effect_value\": 30}, \"card_ids\": [6, 8, 13], \"cosmos_cost\": 2, \"description\": null, \"endurance_cost\": 2, \"leader_card_id\": 8}], \"used_combos\": {\"player1\": [], \"player2\": []}}','finished',5,4,4,'2026-02-04 18:45:24','2026-02-04 18:44:48','2026-02-04 18:45:30','2026-02-04 18:44:40','2026-02-04 18:45:30'),(17,4,5,3,6,'{\"turn\": 1, \"player1\": {\"deck\": [], \"hand\": [{\"id\": 2, \"cost\": 4, \"name\": \"Hyoga du Cygne\", \"image\": \"/storage/cards/A7Q3AXaicmF6PqjdangSUgNcDYBaV6EC4Jq1ipFC.webp\", \"power\": 40, \"max_hp\": 110, \"rarity\": \"rare\", \"defense\": 20, \"faction\": {\"name\": \"Chevaliers de Bronze\", \"color_primary\": \"#CD7F32\", \"color_secondary\": \"#8B4513\"}, \"endurance\": 75, \"can_attack\": false, \"current_hp\": 110, \"instance_id\": \"card_698394cca6a7b\", \"main_attack\": {\"name\": \"Diamond Dust\", \"damage\": 75, \"cosmos_cost\": 2, \"endurance_cost\": 25}, \"has_attacked\": false, \"health_points\": 110, \"current_endurance\": 75, \"secondary_attack_1\": {\"name\": \"Aurora Thunder Attack\", \"damage\": 100, \"cosmos_cost\": 3, \"endurance_cost\": 30}, \"secondary_attack_2\": {\"name\": \"Kholodnyi Smerch\", \"damage\": 140, \"cosmos_cost\": 4, \"endurance_cost\": 40}}, {\"id\": 20, \"cost\": 5, \"name\": \"Lune de Balron\", \"image\": \"/storage/cards/8gsylTriMBUUlecXpzIUSH8rOBN3movIyVqWHPTV.jpg\", \"power\": 55, \"max_hp\": 140, \"rarity\": \"epic\", \"defense\": 25, \"faction\": {\"name\": \"Spectres d\'Hadès\", \"color_primary\": \"#4B0082\", \"color_secondary\": \"#1a0033\"}, \"endurance\": 80, \"can_attack\": false, \"current_hp\": 140, \"instance_id\": \"card_698394cca6ea1\", \"main_attack\": {\"name\": \"Reincarnation\", \"damage\": 100, \"cosmos_cost\": 4, \"endurance_cost\": 35}, \"has_attacked\": false, \"health_points\": 140, \"current_endurance\": 80, \"secondary_attack_1\": {\"name\": \"Fire Whip\", \"damage\": 130, \"cosmos_cost\": 3, \"endurance_cost\": 30}, \"secondary_attack_2\": null}], \"field\": [{\"id\": 9, \"cost\": 6, \"name\": \"Death Mask du Cancer\", \"image\": \"/storage/cards/tt7p1AoaYpQfivM9Q4oF0yjH9RCaBwkMFi3x6UzA.webp\", \"power\": 70, \"max_hp\": 165, \"rarity\": \"legendary\", \"defense\": 28, \"faction\": {\"name\": \"Chevaliers d\'Or\", \"color_primary\": \"#FFD700\", \"color_secondary\": \"#DAA520\"}, \"endurance\": 85, \"can_attack\": false, \"current_hp\": 165, \"instance_id\": \"card_698394cca6c9b\", \"main_attack\": {\"name\": \"Sekishiki Meikai Ha\", \"damage\": 160, \"cosmos_cost\": 5, \"endurance_cost\": 45}, \"has_attacked\": false, \"health_points\": 165, \"current_endurance\": 85, \"secondary_attack_1\": {\"name\": \"Praesepe Underworld Waves\", \"damage\": 180, \"cosmos_cost\": 5, \"endurance_cost\": 50}, \"secondary_attack_2\": null}], \"cosmos\": 7, \"max_cosmos\": 7}, \"player2\": {\"deck\": [], \"hand\": [{\"id\": 39, \"cost\": 1, \"name\": \"Sentinelle du Sanctuaire\", \"image\": null, \"power\": 12, \"max_hp\": 70, \"rarity\": \"common\", \"defense\": 10, \"faction\": {\"name\": \"Chevaliers de Bronze\", \"color_primary\": \"#CD7F32\", \"color_secondary\": \"#8B4513\"}, \"endurance\": 35, \"can_attack\": false, \"current_hp\": 70, \"instance_id\": \"card_698394ccaaba8\", \"main_attack\": {\"name\": \"Coup de poing\", \"damage\": 15, \"cosmos_cost\": 0, \"endurance_cost\": 5}, \"has_attacked\": false, \"health_points\": 70, \"current_endurance\": 35, \"secondary_attack_1\": {\"name\": \"Garde\", \"damage\": 0, \"cosmos_cost\": 0, \"endurance_cost\": 0}, \"secondary_attack_2\": null}, {\"id\": 1, \"cost\": 4, \"name\": \"Seiya de Pegase\", \"image\": \"/storage/cards/kR4cV7hpUVPsAr0ZAPWQNDwF96WTRhjtRoNPNyuv.webp\", \"power\": 45, \"max_hp\": 120, \"rarity\": \"rare\", \"defense\": 15, \"faction\": {\"name\": \"Chevaliers de Bronze\", \"color_primary\": \"#CD7F32\", \"color_secondary\": \"#8B4513\"}, \"endurance\": 80, \"can_attack\": false, \"current_hp\": 120, \"instance_id\": \"card_698394cca9f60\", \"main_attack\": {\"name\": \"Pegasus Ryusei Ken\", \"damage\": 80, \"cosmos_cost\": 2, \"endurance_cost\": 20}, \"has_attacked\": false, \"health_points\": 120, \"current_endurance\": 80, \"secondary_attack_1\": {\"name\": \"Pegasus Suisei Ken\", \"damage\": 120, \"cosmos_cost\": 3, \"endurance_cost\": 35}, \"secondary_attack_2\": {\"name\": \"Pegasus Rolling Crash\", \"damage\": 100, \"cosmos_cost\": 2, \"endurance_cost\": 30}}, {\"id\": 38, \"cost\": 1, \"name\": \"Apprenti Chevalier\", \"image\": null, \"power\": 20, \"max_hp\": 55, \"rarity\": \"common\", \"defense\": 6, \"faction\": {\"name\": \"Chevaliers de Bronze\", \"color_primary\": \"#CD7F32\", \"color_secondary\": \"#8B4513\"}, \"endurance\": 40, \"can_attack\": false, \"current_hp\": 55, \"instance_id\": \"card_698394ccaa9d1\", \"main_attack\": {\"name\": \"Coup de poing\", \"damage\": 15, \"cosmos_cost\": 0, \"endurance_cost\": 5}, \"has_attacked\": false, \"health_points\": 55, \"current_endurance\": 40, \"secondary_attack_1\": {\"name\": \"Garde\", \"damage\": 0, \"cosmos_cost\": 0, \"endurance_cost\": 0}, \"secondary_attack_2\": null}, {\"id\": 28, \"cost\": 5, \"name\": \"Myu du Papillon\", \"image\": \"/storage/cards/Pwp14qLRch6q61eXX0iRA4sqShgQXQziH2UL2rph.jpg\", \"power\": 58, \"max_hp\": 145, \"rarity\": \"epic\", \"defense\": 24, \"faction\": {\"name\": \"Spectres d\'Hadès\", \"color_primary\": \"#4B0082\", \"color_secondary\": \"#1a0033\"}, \"endurance\": 82, \"can_attack\": false, \"current_hp\": 145, \"instance_id\": \"card_698394ccaa61e\", \"main_attack\": {\"name\": \"Ugly Eruption\", \"damage\": 170, \"cosmos_cost\": 5, \"endurance_cost\": 45}, \"has_attacked\": false, \"health_points\": 145, \"current_endurance\": 82, \"secondary_attack_1\": {\"name\": \"Fairy Thronging\", \"damage\": 135, \"cosmos_cost\": 4, \"endurance_cost\": 35}, \"secondary_attack_2\": {\"name\": \"Silky Thread\", \"damage\": 100, \"cosmos_cost\": 3, \"endurance_cost\": 30}}, {\"id\": 37, \"cost\": 1, \"name\": \"Garde d\'Argent\", \"image\": null, \"power\": 18, \"max_hp\": 60, \"rarity\": \"common\", \"defense\": 8, \"faction\": {\"name\": \"Chevaliers de Bronze\", \"color_primary\": \"#CD7F32\", \"color_secondary\": \"#8B4513\"}, \"endurance\": 35, \"can_attack\": false, \"current_hp\": 60, \"instance_id\": \"card_698394ccaa7f3\", \"main_attack\": {\"name\": \"Coup de poing\", \"damage\": 15, \"cosmos_cost\": 0, \"endurance_cost\": 5}, \"has_attacked\": false, \"health_points\": 60, \"current_endurance\": 35, \"secondary_attack_1\": {\"name\": \"Garde\", \"damage\": 0, \"cosmos_cost\": 0, \"endurance_cost\": 0}, \"secondary_attack_2\": null}, {\"id\": 6, \"cost\": 6, \"name\": \"Mu du Belier\", \"image\": \"/storage/cards/baEWSrFhj1B3PgEP5nuff8XvQBZxE1CRv77HtvR3.webp\", \"power\": 65, \"max_hp\": 160, \"rarity\": \"legendary\", \"defense\": 40, \"faction\": {\"name\": \"Chevaliers d\'Or\", \"color_primary\": \"#FFD700\", \"color_secondary\": \"#DAA520\"}, \"endurance\": 80, \"can_attack\": false, \"current_hp\": 160, \"instance_id\": \"card_698394ccaa1c4\", \"main_attack\": {\"name\": \"Stardust Revolution\", \"damage\": 170, \"cosmos_cost\": 4, \"endurance_cost\": 40}, \"has_attacked\": false, \"health_points\": 160, \"current_endurance\": 80, \"secondary_attack_1\": {\"name\": \"Crystal Wall\", \"damage\": 0, \"cosmos_cost\": 3, \"endurance_cost\": 30}, \"secondary_attack_2\": {\"name\": \"Starlight Extinction\", \"damage\": 200, \"cosmos_cost\": 6, \"endurance_cost\": 55}}], \"field\": [{\"id\": 18, \"cost\": 4, \"name\": \"Charon de l\'Acheron\", \"image\": \"/storage/cards/ktoTHGvEh4OTLQdxJzlMYf6ubDQORaHUrJkuSxlc.jpg\", \"power\": 50, \"max_hp\": 130, \"rarity\": \"rare\", \"defense\": 22, \"faction\": {\"name\": \"Spectres d\'Hadès\", \"color_primary\": \"#4B0082\", \"color_secondary\": \"#1a0033\"}, \"endurance\": 75, \"can_attack\": false, \"current_hp\": 130, \"instance_id\": \"card_698394ccaa3c7\", \"main_attack\": {\"name\": \"Rolling Oar\", \"damage\": 120, \"cosmos_cost\": 3, \"endurance_cost\": 30}, \"has_attacked\": true, \"health_points\": 130, \"current_endurance\": 35, \"secondary_attack_1\": {\"name\": \"Eddying Current Crusher\", \"damage\": 150, \"cosmos_cost\": 4, \"endurance_cost\": 40}, \"secondary_attack_2\": null}], \"cosmos\": 3, \"max_cosmos\": 7}, \"all_combos\": [{\"id\": 1, \"name\": \"Athena  exclamation\", \"attack\": {\"id\": 45, \"name\": \"Bloody Rose\", \"damage\": 200, \"description\": \"La Rose Sanglante, l\'ultime rose visant le cœur.\", \"effect_type\": \"drain\", \"effect_value\": 30}, \"card_ids\": [6, 8, 13], \"cosmos_cost\": 2, \"description\": null, \"endurance_cost\": 2, \"leader_card_id\": 8}], \"used_combos\": {\"player1\": [], \"player2\": []}}','finished',4,4,5,'2026-02-04 19:01:11','2026-02-04 18:49:48','2026-02-06 21:06:43','2026-02-04 18:49:45','2026-02-06 21:06:43'),(18,5,4,6,3,'{\"turn\": 1, \"player1\": {\"deck\": [], \"hand\": [{\"id\": 37, \"cost\": 1, \"name\": \"Garde d\'Argent\", \"image\": null, \"power\": 18, \"max_hp\": 60, \"rarity\": \"common\", \"defense\": 8, \"faction\": {\"name\": \"Chevaliers de Bronze\", \"color_primary\": \"#CD7F32\", \"color_secondary\": \"#8B4513\"}, \"endurance\": 35, \"can_attack\": false, \"current_hp\": 60, \"instance_id\": \"card_698657efdd79b\", \"main_attack\": {\"name\": \"Coup de poing\", \"damage\": 15, \"cosmos_cost\": 0, \"endurance_cost\": 5}, \"has_attacked\": false, \"health_points\": 60, \"current_endurance\": 35, \"secondary_attack_1\": {\"name\": \"Garde\", \"damage\": 0, \"cosmos_cost\": 0, \"endurance_cost\": 0}, \"secondary_attack_2\": null}], \"field\": [{\"id\": 28, \"cost\": 5, \"name\": \"Myu du Papillon\", \"image\": \"/storage/cards/Pwp14qLRch6q61eXX0iRA4sqShgQXQziH2UL2rph.jpg\", \"power\": 58, \"max_hp\": 145, \"rarity\": \"epic\", \"defense\": 24, \"faction\": {\"name\": \"Spectres d\'Hadès\", \"color_primary\": \"#4B0082\", \"color_secondary\": \"#1a0033\"}, \"endurance\": 82, \"can_attack\": false, \"current_hp\": 4, \"instance_id\": \"card_698657efdd5ca\", \"main_attack\": {\"name\": \"Ugly Eruption\", \"damage\": 170, \"cosmos_cost\": 5, \"endurance_cost\": 45}, \"has_attacked\": true, \"health_points\": 145, \"current_endurance\": 42, \"secondary_attack_1\": {\"name\": \"Fairy Thronging\", \"damage\": 135, \"cosmos_cost\": 4, \"endurance_cost\": 35}, \"secondary_attack_2\": {\"name\": \"Silky Thread\", \"damage\": 100, \"cosmos_cost\": 3, \"endurance_cost\": 30}}], \"cosmos\": 6, \"max_cosmos\": 10}, \"player2\": {\"deck\": [], \"hand\": [], \"field\": [], \"cosmos\": 7, \"max_cosmos\": 10}, \"all_combos\": [{\"id\": 1, \"name\": \"Athena  exclamation\", \"attack\": {\"id\": 45, \"name\": \"Bloody Rose\", \"damage\": 200, \"description\": \"La Rose Sanglante, l\'ultime rose visant le cœur.\", \"effect_type\": \"drain\", \"effect_value\": 30}, \"card_ids\": [6, 8, 13], \"cosmos_cost\": 2, \"description\": null, \"endurance_cost\": 2, \"leader_card_id\": 8}], \"used_combos\": {\"player1\": [], \"player2\": []}}','finished',5,5,15,'2026-02-06 21:10:45','2026-02-06 21:06:55','2026-02-06 21:10:45','2026-02-06 21:06:47','2026-02-06 21:10:45');
/*!40000 ALTER TABLE `battles` ENABLE KEYS */;
UNLOCK TABLES;

--
-- Table structure for table `card_deck`
--

DROP TABLE IF EXISTS `card_deck`;
/*!40101 SET @saved_cs_client     = @@character_set_client */;
/*!50503 SET character_set_client = utf8mb4 */;
CREATE TABLE `card_deck` (
  `id` bigint unsigned NOT NULL AUTO_INCREMENT,
  `card_id` bigint unsigned NOT NULL,
  `deck_id` bigint unsigned NOT NULL,
  `quantity` tinyint unsigned NOT NULL DEFAULT '1',
  `created_at` timestamp NULL DEFAULT NULL,
  `updated_at` timestamp NULL DEFAULT NULL,
  PRIMARY KEY (`id`),
  UNIQUE KEY `card_deck_card_id_deck_id_unique` (`card_id`,`deck_id`),
  KEY `card_deck_deck_id_foreign` (`deck_id`),
  CONSTRAINT `card_deck_card_id_foreign` FOREIGN KEY (`card_id`) REFERENCES `cards` (`id`) ON DELETE CASCADE,
  CONSTRAINT `card_deck_deck_id_foreign` FOREIGN KEY (`deck_id`) REFERENCES `decks` (`id`) ON DELETE CASCADE
) ENGINE=InnoDB AUTO_INCREMENT=42 DEFAULT CHARSET=utf8mb4 COLLATE=utf8mb4_unicode_ci;
/*!40101 SET character_set_client = @saved_cs_client */;

--
-- Dumping data for table `card_deck`
--

LOCK TABLES `card_deck` WRITE;
/*!40000 ALTER TABLE `card_deck` DISABLE KEYS */;
INSERT INTO `card_deck` VALUES (3,27,1,1,'2026-01-15 17:52:57','2026-02-04 12:30:05'),(10,29,1,1,'2026-01-15 17:52:57','2026-02-04 12:30:05'),(11,1,3,1,'2026-01-28 19:50:16','2026-01-28 19:50:16'),(12,2,3,1,'2026-01-28 19:50:16','2026-01-28 19:50:16'),(13,9,3,1,'2026-01-28 19:50:16','2026-01-28 19:50:16'),(14,20,3,1,'2026-01-28 19:50:16','2026-01-28 19:50:16'),(15,2,2,1,'2026-01-28 19:50:22','2026-02-04 12:21:32'),(16,5,2,1,'2026-01-28 19:50:22','2026-02-04 12:21:32'),(17,10,2,1,'2026-01-28 19:50:22','2026-02-04 12:21:32'),(18,12,2,1,'2026-01-28 19:50:22','2026-02-04 12:21:32'),(19,22,2,1,'2026-01-28 19:50:22','2026-02-04 12:21:32'),(20,34,2,1,'2026-01-28 19:50:22','2026-02-04 12:21:32'),(21,6,4,1,'2026-02-01 17:14:28','2026-02-01 17:14:28'),(22,8,4,1,'2026-02-01 17:14:28','2026-02-01 17:14:28'),(23,13,4,1,'2026-02-01 17:14:28','2026-02-01 17:14:28'),(24,2,5,1,'2026-02-02 20:48:04','2026-02-02 20:48:10'),(25,36,5,1,'2026-02-02 20:48:04','2026-02-02 20:48:10'),(26,37,5,1,'2026-02-02 20:48:04','2026-02-02 20:48:10'),(27,38,5,1,'2026-02-02 20:48:04','2026-02-02 20:48:10'),(28,40,5,1,'2026-02-02 20:48:04','2026-02-02 20:48:10'),(29,8,1,1,'2026-02-03 20:49:54','2026-02-04 12:30:05'),(30,17,1,1,'2026-02-03 20:49:54','2026-02-04 12:30:05'),(31,28,1,1,'2026-02-03 20:49:54','2026-02-04 12:30:05'),(32,36,2,1,'2026-02-04 12:21:32','2026-02-04 12:21:32'),(33,1,6,1,'2026-02-04 12:29:04','2026-02-04 12:29:04'),(34,6,6,1,'2026-02-04 12:29:04','2026-02-04 12:29:04'),(35,18,6,1,'2026-02-04 12:29:04','2026-02-04 12:29:04'),(36,28,6,1,'2026-02-04 12:29:04','2026-02-04 12:29:04'),(37,37,6,1,'2026-02-04 12:29:04','2026-02-04 12:29:04'),(38,38,6,1,'2026-02-04 12:29:04','2026-02-04 12:29:04'),(39,39,6,1,'2026-02-04 12:29:04','2026-02-04 12:29:04'),(40,2,1,1,'2026-02-04 12:30:05','2026-02-04 12:30:05'),(41,3,1,1,'2026-02-04 12:30:05','2026-02-04 12:30:05');
/*!40000 ALTER TABLE `card_deck` ENABLE KEYS */;
UNLOCK TABLES;

--
-- Table structure for table `cards`
--

DROP TABLE IF EXISTS `cards`;
/*!40101 SET @saved_cs_client     = @@character_set_client */;
/*!50503 SET character_set_client = utf8mb4 */;
CREATE TABLE `cards` (
  `id` bigint unsigned NOT NULL AUTO_INCREMENT,
  `name` varchar(100) COLLATE utf8mb4_unicode_ci NOT NULL,
  `faction_id` bigint unsigned NOT NULL,
  `grade` tinyint unsigned NOT NULL DEFAULT '1',
  `armor_type` enum('black','bronze','silver','gold','divine','surplis','god_warrior','steel') COLLATE utf8mb4_unicode_ci DEFAULT 'bronze',
  `element` enum('fire','water','ice','thunder','darkness','light','earth') COLLATE utf8mb4_unicode_ci DEFAULT 'light',
  `rarity` enum('common','rare','epic','legendary','mythic') COLLATE utf8mb4_unicode_ci DEFAULT 'common',
  `health_points` int unsigned NOT NULL,
  `endurance` int unsigned NOT NULL,
  `defense` int unsigned NOT NULL,
  `power` int unsigned NOT NULL,
  `cosmos` int unsigned NOT NULL,
  `cost` int unsigned NOT NULL,
  `passive_ability_name` varchar(100) COLLATE utf8mb4_unicode_ci DEFAULT NULL,
  `passive_ability_description` text COLLATE utf8mb4_unicode_ci,
  `passive_effect_type` enum('none','heal_allies','shield_self','boost_allies') COLLATE utf8mb4_unicode_ci NOT NULL DEFAULT 'none',
  `passive_effect_value` int unsigned NOT NULL DEFAULT '0',
  `main_attack_id` bigint unsigned NOT NULL,
  `secondary_attack_1_id` bigint unsigned DEFAULT NULL,
  `secondary_attack_2_id` bigint unsigned DEFAULT NULL,
  `image_primary` varchar(255) COLLATE utf8mb4_unicode_ci DEFAULT NULL,
  `image_secondary` varchar(255) COLLATE utf8mb4_unicode_ci DEFAULT NULL,
  `created_at` timestamp NULL DEFAULT NULL,
  `updated_at` timestamp NULL DEFAULT NULL,
  PRIMARY KEY (`id`),
  KEY `cards_faction_id_foreign` (`faction_id`),
  KEY `cards_main_attack_id_foreign` (`main_attack_id`),
  KEY `cards_secondary_attack_1_id_foreign` (`secondary_attack_1_id`),
  KEY `cards_secondary_attack_2_id_foreign` (`secondary_attack_2_id`),
  CONSTRAINT `cards_faction_id_foreign` FOREIGN KEY (`faction_id`) REFERENCES `factions` (`id`) ON DELETE CASCADE,
  CONSTRAINT `cards_main_attack_id_foreign` FOREIGN KEY (`main_attack_id`) REFERENCES `attacks` (`id`) ON DELETE CASCADE,
  CONSTRAINT `cards_secondary_attack_1_id_foreign` FOREIGN KEY (`secondary_attack_1_id`) REFERENCES `attacks` (`id`) ON DELETE SET NULL,
  CONSTRAINT `cards_secondary_attack_2_id_foreign` FOREIGN KEY (`secondary_attack_2_id`) REFERENCES `attacks` (`id`) ON DELETE SET NULL
) ENGINE=InnoDB AUTO_INCREMENT=42 DEFAULT CHARSET=utf8mb4 COLLATE=utf8mb4_unicode_ci;
/*!40101 SET character_set_client = @saved_cs_client */;

--
-- Dumping data for table `cards`
--

LOCK TABLES `cards` WRITE;
/*!40000 ALTER TABLE `cards` DISABLE KEYS */;
INSERT INTO `cards` VALUES (1,'Seiya de Pegase',1,5,'bronze','light','rare',120,80,15,45,6,4,'Septieme Sens','Quand les PV tombent sous 30%, +25% de puissance.','none',0,1,2,3,'cards/kR4cV7hpUVPsAr0ZAPWQNDwF96WTRhjtRoNPNyuv.webp','cards/uO7fzrzttEHABuedvHphHVRbRayhADbghNAPi6ym.webp','2026-01-04 18:31:05','2026-01-15 17:46:49'),(2,'Hyoga du Cygne',1,5,'bronze','ice','rare',110,75,20,40,6,4,'Sang de Glace','Resistance aux attaques de glace +50%.','none',0,4,5,6,'cards/A7Q3AXaicmF6PqjdangSUgNcDYBaV6EC4Jq1ipFC.webp','cards/6qFiCzxiAHFMzmhh9lBGJd7vmCVOVKERMuGErfJw.webp','2026-01-04 18:31:05','2026-01-15 17:46:18'),(3,'Shiryu du Dragon',1,5,'bronze','water','rare',130,85,25,42,5,4,'Bouclier du Dragon','Bloque la premiere attaque critique recue par combat.','none',0,7,8,9,'cards/QBQ8EfnfcRxT7jGcROV2RPSplZZweN3EPmIDpDj9.webp','cards/dHtDXaorn3KriIIwpSKfSeg8u8ifi0WeXQhgp5sv.webp','2026-01-04 18:31:05','2026-01-15 17:47:04'),(4,'Shun d\'Andromede',1,5,'bronze','light','rare',100,70,30,35,7,3,'Chaine Protectrice','Peut proteger un allie des attaques ciblees.','none',0,10,11,12,'cards/vgezCn9o6kYF1XXo52cXTHUeWDdUPXaC1E9pnDcS.webp','cards/r3OUyDZ3Kev213ng1mBkevMN6cai7X9RonEaYeKY.webp','2026-01-04 18:31:05','2026-01-15 17:47:18'),(5,'Ikki du Phenix',1,6,'bronze','fire','rare',140,90,18,55,7,5,'Resurrection du Phenix','Revient une fois avec 30% de PV apres KO.','none',0,14,13,15,'cards/sw4NqrUquD9A2pwxuGpGN2lUC4yn4fOSq7pFyRqb.webp','cards/mxmO3SWCqUY92geEt4tSr0VihOXlJikxxQBDVR7z.webp','2026-01-04 18:31:05','2026-02-04 09:37:37'),(6,'Mu du Belier',3,8,'gold','light','legendary',160,80,40,65,10,6,'Reparateur d\'Armures','Restaure 10 PV a tous les allies chaque tour.','none',0,16,17,18,'cards/baEWSrFhj1B3PgEP5nuff8XvQBZxE1CRv77HtvR3.webp','cards/mywjOn2ATPvtqfkpM6DQMjCum2Rq5n9t2yhxbabv.webp','2026-01-04 18:31:05','2026-01-15 17:47:51'),(7,'Aldebaran du Taureau',3,8,'gold','fire','legendary',220,100,45,80,7,7,'Force Titanesque','Les attaques physiques infligent +20% de degats.','none',0,19,20,NULL,'cards/Qa0uPQSeHu5ffr7cOi3PKfbz0BCDQHwzxYWTQfAb.webp','cards/cvGU9zZLvQw81OFX9LUTgNCb0yFlBjBhMXInIbAB.webp','2026-01-04 18:31:05','2026-01-15 17:38:42'),(8,'Saga des Gemeaux',3,9,'gold','darkness','legendary',200,110,30,85,10,8,'Dualite','Peut changer d\'element (lumiere/tenebres) une fois par combat.','none',0,21,22,23,'cards/jIK8NEnHYR5YXFBsfHpHw5I2Mo7u47JX2xdulDn4.webp','cards/X8waLMXUJNCOQADgt0Y9eFuqBKWk7V8qqHOSMESZ.webp','2026-01-04 18:31:05','2026-01-15 17:48:06'),(9,'Death Mask du Cancer',3,8,'gold','darkness','legendary',165,85,28,70,9,6,'Masque Mortuaire','Les ennemis vaincus augmentent sa puissance de 10%.','none',0,24,25,NULL,'cards/tt7p1AoaYpQfivM9Q4oF0yjH9RCaBwkMFi3x6UzA.webp','cards/3yfYSIX54vhu2zVRuO0At3DoIJUd5qsH2aa7cb3v.webp','2026-01-04 18:31:05','2026-01-15 17:40:26'),(10,'Aiolia du Lion',3,8,'gold','thunder','legendary',180,100,35,75,9,7,'Fierte du Lion','+15% de degats quand aucun allie n\'est KO.','none',0,27,26,28,'cards/4SIGxZc599rT7kNNRtbQtr1pHnfr5nOJwbq9Hf5W.jpg','cards/AeC0oOG8dCCa7yxmq56TTp3EIzRwHRHilJ44WxBg.webp','2026-01-04 18:31:05','2026-01-15 17:37:11'),(11,'Shaka de la Vierge',3,9,'gold','light','legendary',170,90,35,80,12,8,'Homme le plus proche de Dieu','Immunise aux effets de debuff. +30% cosmos.','none',0,29,30,31,'cards/ffTbGKOjeW81wGaHidpiZtMxVZCHgOm5OV5geoEP.jpg','cards/cWwje94LV8F66CkazLYtFbGn70Q8hGsXCkVfUnRu.webp','2026-01-04 18:31:05','2026-01-15 17:48:20'),(12,'Dohko de la Balance',3,9,'gold','water','legendary',190,110,40,75,9,8,'Sagesse Millenaire','Peut utiliser les armes de la Balance. +20% defense.','none',0,32,33,NULL,'cards/dTwTyvKTDYtRZ63w7XYE6mPiFtdxFre1LYcUSP9o.webp','cards/pKo7Qya3H5fKMuH15D4dktvSGxM6dsJwRvIrC7qX.webp','2026-01-04 18:31:05','2026-01-15 17:40:55'),(13,'Milo du Scorpion',3,8,'gold','fire','legendary',170,95,28,70,8,7,'Antares','Chaque attaque empile une piqure. A 15, degats doubles.','none',0,34,35,36,'cards/GOA8TAQfvOLHBj3plS6yfRsJTwHFN3GemaqXHjx1.webp','cards/sJqcaGGHHgD2LU0qbAkYFlMH0SyJfbszTgJD9t0c.webp','2026-01-04 18:31:05','2026-01-15 17:47:38'),(14,'Aiolos du Sagittaire',3,9,'gold','light','legendary',185,100,32,82,9,8,'Fleche d\'Or','Les attaques a distance ignorent 30% de la defense.','none',0,37,38,NULL,'cards/eRQOeSCn1bVexddfMKhdP4kV4qHEFviFCNm16FJi.jpg','cards/wUDFKWn0h0J3NEyJwOqqtvH2NcRbFHK5HJCS4R8n.webp','2026-01-04 18:31:05','2026-01-15 17:38:23'),(15,'Shura du Capricorne',3,8,'gold','light','legendary',175,90,32,80,8,7,'Lame Sacree','Ignore 20% de la defense ennemie.','none',0,39,40,NULL,'cards/yxhrpiAAP31TZBHiKDtc0nRZnjaeb7mccC3FU81v.webp','cards/ETNiFstMfrPCxgQem97bFcZiUOGUtnBuM0osT4Xg.webp','2026-01-04 18:31:05','2026-01-15 17:48:35'),(16,'Camus du Verseau',3,8,'gold','ice','legendary',165,85,30,72,9,7,'Zero Absolu','Les attaques de glace ont +30% de chance de geler.','none',0,41,42,4,'cards/12WgHlevxZQyaenBowbYQDsBK3xtts9q99tz0QH8.webp','cards/mSBT5JPvx5bEJfJQcuXKvUsH7zQlCPuwSNA1vQ79.webp','2026-01-04 18:31:05','2026-01-15 17:39:50'),(17,'Aphrodite des Poissons',3,8,'gold','fire','legendary',155,80,25,68,9,6,'Chemin des Roses','Les ennemis subissent des degats de poison chaque tour.','none',0,45,43,44,'cards/Xq43UKN2qLW0qy986NInZPTma2yqbFEGyu89RZMR.webp','cards/yYcgCvpGxezmK70i4XMB4dmbADDu6zbda89cNrQW.webp','2026-01-04 18:31:05','2026-01-15 17:39:06'),(18,'Charon de l\'Acheron',4,5,'bronze','water','rare',130,75,22,50,5,4,'Passeur des Enfers','Gagne du cosmos a chaque ennemi vaincu.','none',0,46,47,NULL,'cards/ktoTHGvEh4OTLQdxJzlMYf6ubDQORaHUrJkuSxlc.jpg','cards/1ju0yxSY2OcWzhaU6MPgd90CvBx1gXOj5xpo1hbW.jpg','2026-01-04 18:31:05','2026-01-15 17:40:08'),(19,'Queen de l\'Alraune',4,5,'bronze','fire','rare',115,70,20,48,6,3,'Epines Veneneuses','Les attaques infligent un poison qui dure 3 tours.','none',0,48,49,NULL,'cards/Ql0GJf2FCSQhT00UrlDM2z5JonZN3THUsrDzBZ7B.jpg','cards/ubuszQI6AX1SIDntrEaPzKT0pa5befLNkXUnttro.jpg','2026-01-04 18:31:05','2026-01-15 17:44:08'),(20,'Lune de Balron',4,6,'bronze','fire','epic',140,80,25,55,7,5,'Maitre des Ames','Peut controler un ennemi faible pendant 1 tour.','none',0,50,51,NULL,'cards/8gsylTriMBUUlecXpzIUSH8rOBN3movIyVqWHPTV.jpg','cards/GE4M4lu89XvJ9tADVokEydhFRyhQiX0CiTqSuAUu.jpg','2026-01-04 18:31:05','2026-01-15 17:42:20'),(21,'Sylphide de Basilic',4,5,'bronze','darkness','rare',125,75,22,52,5,4,'Regard Petrifiant','10% de chance de paralyser l\'ennemi en debut de tour.','none',0,52,53,NULL,'cards/rpwX1dIbaPPVbX7tF4X1G1KkuXZGmHAs4VgJGP0V.jpg','cards/3DwCtuEiOLVgCbf7vNbEEzgv1tyCbqv1HyHFItmO.jpg','2026-01-04 18:31:05','2026-01-15 17:44:41'),(22,'Niobe de Deep',4,5,'bronze','darkness','rare',110,70,18,45,6,3,'Parfum Hypnotique','Les ennemis ont -15% de precision.','none',0,54,55,NULL,'cards/WIWxBuPbi4NsFxkqyA0TciZG9BioNgiODGlrrBGj.jpg','cards/oeof6ZuU73zBq7kohZ7oxNtn2rN94zmGHOxAwLMd.jpg','2026-01-04 18:31:05','2026-01-15 17:43:09'),(23,'Aiacos de Garuda',4,9,'bronze','darkness','legendary',195,105,35,85,9,8,'Juge des Enfers','+20% de degats contre les Chevaliers d\'Or.','none',0,56,57,NULL,'cards/7h4VH6nlsHF0KwSbMIgBM8XhPkiAZ7FQVkb1PL7C.jpg','cards/mpCZ7KwCUIdACCNB0hcRyjO88IsiLey2sbAvBHEl.jpg','2026-01-04 18:31:05','2026-01-15 17:37:02'),(24,'Gigant du Cyclope',4,6,'bronze','fire','epic',180,90,30,65,6,5,'Force Colossale','+25% de degats physiques, -10% vitesse.','none',0,59,58,NULL,'cards/inOAcoA0Ha2vSLBSxhfWL9W5Ja0fAkAbrYgXbpGr.jpg','cards/7VoNrGbTY552d2l8X6raHBUvJlwthehk3haYAxZ1.jpg','2026-01-04 18:31:05','2026-01-15 17:41:16'),(25,'Minos du Griffon',4,9,'bronze','darkness','legendary',190,100,32,80,9,8,'Juge des Enfers','Controle les mouvements de l\'ennemi.','none',0,60,61,NULL,'cards/VQT7yZRhv3pgYzUAcegSuYL4RTmpuiXefw5ssmO4.jpg','cards/Vz0nepsiYRs7ru8puzD5WUClsooQdP7lw77qPZRE.jpg','2026-01-04 18:31:05','2026-01-15 17:42:38'),(26,'Valentine de la Harpie',4,5,'bronze','darkness','rare',120,72,20,50,6,4,'Devotion a Rhadamanthe','+15% de puissance quand Rhadamanthe est sur le terrain.','none',0,62,63,NULL,'cards/wF3IbgDMV5LcrO09kHUpyaShhiMrN0Skc6FQZBoF.jpg','cards/tcMRxkX028rPth0nzbSUUln423GHQfEHbFu6EEu4.jpg','2026-01-04 18:31:05','2026-01-15 17:45:09'),(27,'Pandore',4,7,'bronze','darkness','epic',150,85,28,60,8,6,'Soeur d\'Hades','Booste tous les Spectres allies de +10% puissance.','none',0,64,65,NULL,'cards/8eOIRfehLEc4U5em0ah9PEpECBOsoa8x0Bj6bYBg.jpg','cards/ieV3O45d2adpErxAXmMI3W6v2IQljH0XztRxByCC.jpg','2026-01-04 18:31:05','2026-01-15 17:43:24'),(28,'Myu du Papillon',4,6,'bronze','darkness','epic',145,82,24,58,7,5,'Metamorphose','Change de forme apres avoir recu 50% de degats. +30% stats.','none',0,68,66,67,'cards/Pwp14qLRch6q61eXX0iRA4sqShgQXQziH2UL2rph.jpg','cards/EeXsaahraxeQaDkodTfEC8nHLGWIF5nmjfMpGa9J.jpg','2026-01-04 18:31:05','2026-01-15 17:42:53'),(29,'Pharaoh du Sphinx',4,6,'bronze','darkness','epic',155,85,26,62,7,5,'Gardien des Ames','Juge les ames des ennemis vaincus. Regenere 15 PV.','none',0,69,70,NULL,'cards/C69slRM1ZoiT2ZmRLqxwsUWh2Ac7IR8WKNILkljD.jpg','cards/ykmZxVajDPi2zedURBYdN6WYxwibcf0O5fNZpVNX.jpg','2026-01-04 18:31:05','2026-01-15 17:43:40'),(30,'Rhadamanthe de la Wyvern',4,9,'bronze','darkness','legendary',200,105,38,88,9,8,'Juge Supreme des Enfers','+25% de degats contre les Chevaliers d\'Or. Chef des 3 Juges.','none',0,71,NULL,NULL,'cards/q8fpuMDyaYq1SX7BMHnRvRCGq7RSzUDrpxCSMWPw.jpg','cards/AA5tTZj8ASPxWw0O6HBJkuYAiffa6fwQWB4uRnNz.jpg','2026-01-04 18:31:05','2026-01-15 17:44:25'),(31,'Athena',1,10,'divine','light','legendary',250,120,50,90,15,10,'Deesse de la Sagesse','Tous les allies gagnent +20% defense et regenerent 15 PV/tour.','none',0,72,73,74,'cards/JfVNHkjfYbGIpWG9CT5pHkE4nyWTVIr0wZPM7DvA.jpg','cards/d3Lq5ANO1ONCJFhHcJ5EcAGKpGZuXJxvMMIc9da4.jpg','2026-01-04 18:31:05','2026-01-15 17:39:29'),(32,'Hades',4,10,'divine','darkness','mythic',280,130,48,100,14,10,'Dieu des Enfers','Immunise aux effets de statut negatifs. +30% degats sur terrain.','none',0,76,77,78,'cards/XLr4YswcF1FawiMgXAhVKwGgIzdCgL1NAtCH2bkN.jpg','cards/TsIEeqYAVrhTkslibrMDVIik2vK5hTmALNpbLnHu.jpg','2026-01-04 18:31:05','2026-01-15 17:41:31'),(33,'Poseidon',4,10,'divine','water','mythic',270,125,45,95,13,10,'Dieu des Mers','Les attaques eau font +40% de degats. Invoque des raz-de-maree.','none',0,79,80,81,'cards/df8SWSxGzCdcXjJlGv1it8SFVB2WBy157G6hU5gT.webp','cards/Dy0Qq1svaDoNM5lsQmz2ud1vi4Pl8HiLVO2KdRJ6.webp','2026-01-04 18:31:05','2026-01-15 17:45:55'),(34,'Hypnos',4,10,'divine','darkness','mythic',240,115,42,88,14,9,'Dieu du Sommeil','Les ennemis ont 25% de chance d\'etre endormis chaque tour.','none',0,82,83,NULL,'cards/M3JuQrMN47B0G73Cgp6MS77BSnW4PsUKBuctM9qq.png','cards/Hy9Ruhk1sZIABkIX59t3TT6CuSrnnKwBtlkc2yC6.png','2026-01-04 18:31:05','2026-01-15 17:42:01'),(35,'Thanatos',4,10,'divine','darkness','mythic',260,120,40,105,14,9,'Dieu de la Mort','Les ennemis sous 20% de PV sont instantanement elimines.','none',0,86,84,85,'cards/9pQGyaQtUNJSgVS9wit6FgZTzV6hAb94CY50tXeZ.png','cards/l4cBprWswcKDgOZ1yPniml32m9RqrijPYuRKmTow.png','2026-01-04 18:31:05','2026-01-15 17:45:27'),(36,'Soldat du Sanctuaire',1,1,'bronze','light','common',50,30,5,15,10,1,NULL,NULL,'none',0,87,88,NULL,NULL,NULL,'2026-01-31 12:37:28','2026-01-31 12:37:28'),(37,'Garde d\'Argent',1,2,'silver','light','common',60,35,8,18,15,1,NULL,NULL,'none',0,87,88,NULL,NULL,NULL,'2026-01-31 12:37:28','2026-01-31 12:37:28'),(38,'Apprenti Chevalier',1,2,'bronze','light','common',55,40,6,20,20,1,'Determination','+5% de puissance quand PV < 50%','none',0,87,88,NULL,NULL,NULL,'2026-01-31 12:37:28','2026-01-31 12:37:28'),(39,'Sentinelle du Sanctuaire',1,2,'bronze','earth','common',70,35,10,12,12,1,'Vigilance','+3 defense','none',0,87,88,NULL,NULL,NULL,'2026-01-31 12:37:28','2026-01-31 12:37:28'),(40,'Soldat Spectre',4,1,'surplis','darkness','common',45,25,4,18,15,1,NULL,NULL,'none',0,87,88,NULL,NULL,NULL,'2026-01-31 12:37:28','2026-01-31 12:37:28'),(41,'Squelette des Enfers',4,1,'surplis','darkness','common',40,20,3,20,10,1,'Immortel','10% de chance de survivre avec 1 PV','none',0,87,88,NULL,NULL,NULL,'2026-01-31 12:37:28','2026-01-31 12:37:28');
/*!40000 ALTER TABLE `cards` ENABLE KEYS */;
UNLOCK TABLES;

--
-- Table structure for table `combos`
--

DROP TABLE IF EXISTS `combos`;
/*!40101 SET @saved_cs_client     = @@character_set_client */;
/*!50503 SET character_set_client = utf8mb4 */;
CREATE TABLE `combos` (
  `id` bigint unsigned NOT NULL AUTO_INCREMENT,
  `name` varchar(255) COLLATE utf8mb4_unicode_ci NOT NULL,
  `description` text COLLATE utf8mb4_unicode_ci,
  `card1_id` bigint unsigned NOT NULL,
  `card2_id` bigint unsigned NOT NULL,
  `card3_id` bigint unsigned NOT NULL,
  `leader_card_id` bigint unsigned NOT NULL,
  `attack_id` bigint unsigned NOT NULL,
  `endurance_cost` int NOT NULL DEFAULT '0',
  `cosmos_cost` int NOT NULL DEFAULT '0',
  `is_active` tinyint(1) NOT NULL DEFAULT '1',
  `created_at` timestamp NULL DEFAULT NULL,
  `updated_at` timestamp NULL DEFAULT NULL,
  PRIMARY KEY (`id`),
  KEY `combos_card1_id_foreign` (`card1_id`),
  KEY `combos_card2_id_foreign` (`card2_id`),
  KEY `combos_card3_id_foreign` (`card3_id`),
  KEY `combos_leader_card_id_foreign` (`leader_card_id`),
  KEY `combos_attack_id_foreign` (`attack_id`),
  CONSTRAINT `combos_attack_id_foreign` FOREIGN KEY (`attack_id`) REFERENCES `attacks` (`id`) ON DELETE CASCADE,
  CONSTRAINT `combos_card1_id_foreign` FOREIGN KEY (`card1_id`) REFERENCES `cards` (`id`) ON DELETE CASCADE,
  CONSTRAINT `combos_card2_id_foreign` FOREIGN KEY (`card2_id`) REFERENCES `cards` (`id`) ON DELETE CASCADE,
  CONSTRAINT `combos_card3_id_foreign` FOREIGN KEY (`card3_id`) REFERENCES `cards` (`id`) ON DELETE CASCADE,
  CONSTRAINT `combos_leader_card_id_foreign` FOREIGN KEY (`leader_card_id`) REFERENCES `cards` (`id`) ON DELETE CASCADE
) ENGINE=InnoDB AUTO_INCREMENT=2 DEFAULT CHARSET=utf8mb4 COLLATE=utf8mb4_unicode_ci;
/*!40101 SET character_set_client = @saved_cs_client */;

--
-- Dumping data for table `combos`
--

LOCK TABLES `combos` WRITE;
/*!40000 ALTER TABLE `combos` DISABLE KEYS */;
INSERT INTO `combos` VALUES (1,'Athena  exclamation',NULL,6,8,13,8,45,2,2,1,'2026-02-01 17:13:21','2026-02-01 17:14:42');
/*!40000 ALTER TABLE `combos` ENABLE KEYS */;
UNLOCK TABLES;

--
-- Table structure for table `decks`
--

DROP TABLE IF EXISTS `decks`;
/*!40101 SET @saved_cs_client     = @@character_set_client */;
/*!50503 SET character_set_client = utf8mb4 */;
CREATE TABLE `decks` (
  `id` bigint unsigned NOT NULL AUTO_INCREMENT,
  `name` varchar(100) COLLATE utf8mb4_unicode_ci NOT NULL,
  `description` text COLLATE utf8mb4_unicode_ci,
  `user_id` bigint unsigned NOT NULL,
  `is_active` tinyint(1) NOT NULL DEFAULT '0',
  `created_at` timestamp NULL DEFAULT NULL,
  `updated_at` timestamp NULL DEFAULT NULL,
  PRIMARY KEY (`id`),
  KEY `decks_user_id_foreign` (`user_id`),
  CONSTRAINT `decks_user_id_foreign` FOREIGN KEY (`user_id`) REFERENCES `users` (`id`) ON DELETE CASCADE
) ENGINE=InnoDB AUTO_INCREMENT=7 DEFAULT CHARSET=utf8mb4 COLLATE=utf8mb4_unicode_ci;
/*!40101 SET character_set_client = @saved_cs_client */;

--
-- Dumping data for table `decks`
--

LOCK TABLES `decks` WRITE;
/*!40000 ALTER TABLE `decks` DISABLE KEYS */;
INSERT INTO `decks` VALUES (1,'Combat',NULL,1,0,'2026-01-15 17:52:39','2026-02-01 17:14:28'),(2,'Mon Deck',NULL,3,1,'2026-01-28 19:49:59','2026-02-04 10:39:59'),(3,'bidon2deck',NULL,4,1,'2026-01-28 19:50:10','2026-01-28 19:50:10'),(4,'trio',NULL,1,1,'2026-02-01 17:14:28','2026-02-01 17:14:28'),(5,'test',NULL,2,1,'2026-02-02 20:48:04','2026-02-02 20:48:10'),(6,'deckdeck',NULL,5,1,'2026-02-04 12:29:04','2026-02-04 12:29:04');
/*!40000 ALTER TABLE `decks` ENABLE KEYS */;
UNLOCK TABLES;

--
-- Table structure for table `factions`
--

DROP TABLE IF EXISTS `factions`;
/*!40101 SET @saved_cs_client     = @@character_set_client */;
/*!50503 SET character_set_client = utf8mb4 */;
CREATE TABLE `factions` (
  `id` bigint unsigned NOT NULL AUTO_INCREMENT,
  `name` varchar(100) COLLATE utf8mb4_unicode_ci NOT NULL,
  `description` text COLLATE utf8mb4_unicode_ci,
  `color_primary` varchar(7) COLLATE utf8mb4_unicode_ci NOT NULL,
  `color_secondary` varchar(7) COLLATE utf8mb4_unicode_ci NOT NULL,
  `image` varchar(255) COLLATE utf8mb4_unicode_ci DEFAULT NULL,
  `created_at` timestamp NULL DEFAULT NULL,
  `updated_at` timestamp NULL DEFAULT NULL,
  PRIMARY KEY (`id`),
  UNIQUE KEY `factions_name_unique` (`name`)
) ENGINE=InnoDB AUTO_INCREMENT=7 DEFAULT CHARSET=utf8mb4 COLLATE=utf8mb4_unicode_ci;
/*!40101 SET character_set_client = @saved_cs_client */;

--
-- Dumping data for table `factions`
--

LOCK TABLES `factions` WRITE;
/*!40000 ALTER TABLE `factions` DISABLE KEYS */;
INSERT INTO `factions` VALUES (1,'Chevaliers de Bronze','Les Chevaliers de Bronze sont les protecteurs d\'Athéna. Bien que considérés comme les plus faibles, leur détermination et leur courage les rendent redoutables.','#CD7F32','#8B4513',NULL,'2026-01-04 18:31:04','2026-01-04 18:31:04'),(2,'Chevaliers d\'Argent','Les Chevaliers d\'Argent sont plus puissants que les Chevaliers de Bronze. Ils servent souvent de messagers et d\'exécuteurs pour le Sanctuaire.','#C0C0C0','#808080',NULL,'2026-01-04 18:31:04','2026-01-04 18:31:04'),(3,'Chevaliers d\'Or','Les Chevaliers d\'Or sont l\'élite du Sanctuaire. Chacun protège une maison du zodiaque et possède une puissance cosmique extraordinaire.','#FFD700','#DAA520',NULL,'2026-01-04 18:31:04','2026-01-04 18:31:04'),(4,'Spectres d\'Hadès','Les Spectres sont les guerriers du dieu des Enfers, Hadès. Ils portent des Surplis noirs et cherchent à plonger le monde dans les ténèbres.','#4B0082','#1a0033',NULL,'2026-01-04 18:31:04','2026-01-04 18:31:04'),(5,'Marinas de Poséidon','Les Marinas sont les guerriers du dieu des mers, Poséidon. Ils portent des Écailles et contrôlent les forces océaniques.','#006994','#004466',NULL,'2026-01-04 18:31:04','2026-01-04 18:31:04'),(6,'Guerriers Divins d\'Asgard','Les Guerriers Divins protègent le royaume d\'Asgard sous les ordres d\'Hilda. Ils portent des armures représentant les étoiles d\'Odin.','#87CEEB','#4682B4',NULL,'2026-01-04 18:31:04','2026-01-04 18:31:04');
/*!40000 ALTER TABLE `factions` ENABLE KEYS */;
UNLOCK TABLES;

--
-- Table structure for table `failed_jobs`
--

DROP TABLE IF EXISTS `failed_jobs`;
/*!40101 SET @saved_cs_client     = @@character_set_client */;
/*!50503 SET character_set_client = utf8mb4 */;
CREATE TABLE `failed_jobs` (
  `id` bigint unsigned NOT NULL AUTO_INCREMENT,
  `uuid` varchar(255) COLLATE utf8mb4_unicode_ci NOT NULL,
  `connection` text COLLATE utf8mb4_unicode_ci NOT NULL,
  `queue` text COLLATE utf8mb4_unicode_ci NOT NULL,
  `payload` longtext COLLATE utf8mb4_unicode_ci NOT NULL,
  `exception` longtext COLLATE utf8mb4_unicode_ci NOT NULL,
  `failed_at` timestamp NOT NULL DEFAULT CURRENT_TIMESTAMP,
  PRIMARY KEY (`id`),
  UNIQUE KEY `failed_jobs_uuid_unique` (`uuid`)
) ENGINE=InnoDB DEFAULT CHARSET=utf8mb4 COLLATE=utf8mb4_unicode_ci;
/*!40101 SET character_set_client = @saved_cs_client */;

--
-- Dumping data for table `failed_jobs`
--

LOCK TABLES `failed_jobs` WRITE;
/*!40000 ALTER TABLE `failed_jobs` DISABLE KEYS */;
/*!40000 ALTER TABLE `failed_jobs` ENABLE KEYS */;
UNLOCK TABLES;

--
-- Table structure for table `migrations`
--

DROP TABLE IF EXISTS `migrations`;
/*!40101 SET @saved_cs_client     = @@character_set_client */;
/*!50503 SET character_set_client = utf8mb4 */;
CREATE TABLE `migrations` (
  `id` int unsigned NOT NULL AUTO_INCREMENT,
  `migration` varchar(255) COLLATE utf8mb4_unicode_ci NOT NULL,
  `batch` int NOT NULL,
  PRIMARY KEY (`id`)
) ENGINE=InnoDB AUTO_INCREMENT=37 DEFAULT CHARSET=utf8mb4 COLLATE=utf8mb4_unicode_ci;
/*!40101 SET character_set_client = @saved_cs_client */;

--
-- Dumping data for table `migrations`
--

LOCK TABLES `migrations` WRITE;
/*!40000 ALTER TABLE `migrations` DISABLE KEYS */;
INSERT INTO `migrations` VALUES (1,'2014_10_12_000000_create_users_table',1),(2,'2014_10_12_100000_create_password_reset_tokens_table',1),(3,'2019_08_19_000000_create_failed_jobs_table',1),(4,'2019_12_14_000001_create_personal_access_tokens_table',1),(5,'2026_01_03_131207_add_role_to_users_table',1),(6,'2026_01_03_131227_create_factions_table',1),(7,'2026_01_03_131241_create_attacks_table',1),(8,'2026_01_03_131258_create_cards_table',1),(9,'2026_01_03_131314_create_decks_table',1),(10,'2026_01_03_131330_create_card_deck_table',1),(11,'2026_01_03_151236_add_coins_to_users_table',1),(12,'2026_01_03_151248_create_user_cards_table',1),(13,'2026_01_04_145032_create_battles_table',1),(14,'2026_01_04_190624_add_element_and_armor_values_to_cards_table',1),(15,'2026_01_05_202223_add_starter_fields_to_users_table',2),(16,'2026_01_28_210000_create_musics_table',3),(17,'2026_01_29_211126_add_mythic_rarity_to_cards_table',4),(18,'2026_01_30_211942_add_current_rank_to_users_table',5),(19,'2026_01_30_212613_update_existing_users_ranks',6),(20,'2026_01_31_131609_add_current_session_id_to_users_table',7),(21,'2026_01_31_132856_add_first_draw_completed_to_users_table',8),(22,'2026_02_01_000001_create_combos_table',9),(23,'2026_02_03_210102_add_last_session_ip_to_users_table',10),(24,'2026_02_03_213516_add_fusion_level_to_user_cards_table',11),(25,'2026_02_04_102024_add_last_daily_bonus_to_users_table',12),(26,'2026_02_04_105346_add_login_streak_and_wheel_to_users_table',13),(27,'2026_02_04_115953_add_last_activity_to_users_table',14),(28,'2026_02_04_115959_create_pvp_invitations_table',14),(29,'2026_02_04_124556_create_tournaments_table',15),(30,'2026_02_04_124603_create_tournament_participants_table',15),(31,'2026_02_04_124604_create_tournament_matches_table',15),(32,'2026_02_04_124605_add_tournament_fields_to_users_table',15),(33,'2026_03_22_000001_add_weekly_card_to_users_table',16),(34,'2026_03_22_000002_add_passive_effect_to_cards_table',17),(35,'2026_02_04_150000_add_new_armor_types_to_cards_table',18),(36,'2026_03_24_203355_add_pve_pvp_wins_to_users_table',18);
/*!40000 ALTER TABLE `migrations` ENABLE KEYS */;
UNLOCK TABLES;

--
-- Table structure for table `musics`
--

DROP TABLE IF EXISTS `musics`;
/*!40101 SET @saved_cs_client     = @@character_set_client */;
/*!50503 SET character_set_client = utf8mb4 */;
CREATE TABLE `musics` (
  `id` bigint unsigned NOT NULL AUTO_INCREMENT,
  `name` varchar(255) COLLATE utf8mb4_unicode_ci NOT NULL,
  `file_path` varchar(255) COLLATE utf8mb4_unicode_ci NOT NULL,
  `type` enum('battle','menu','victory','defeat') COLLATE utf8mb4_unicode_ci NOT NULL DEFAULT 'battle',
  `is_active` tinyint(1) NOT NULL DEFAULT '1',
  `volume` int NOT NULL DEFAULT '50',
  `created_at` timestamp NULL DEFAULT NULL,
  `updated_at` timestamp NULL DEFAULT NULL,
  PRIMARY KEY (`id`)
) ENGINE=InnoDB AUTO_INCREMENT=6 DEFAULT CHARSET=utf8mb4 COLLATE=utf8mb4_unicode_ci;
/*!40101 SET character_set_client = @saved_cs_client */;

--
-- Dumping data for table `musics`
--

LOCK TABLES `musics` WRITE;
/*!40000 ALTER TABLE `musics` DISABLE KEYS */;
INSERT INTO `musics` VALUES (1,'Combat  saint seiya','musics/910Jn6NrpfM35uo5uBrh6cIM3j78D8fKu3juQGec.mp3','battle',1,50,'2026-01-28 20:46:29','2026-01-28 20:48:15'),(2,'Menu saint seiya','musics/PY8Qq12UNqhrnFFxNBKQzKGPKLUW2Z5pESoZcPja.mp3','menu',1,50,'2026-01-28 20:46:55','2026-01-28 20:46:55'),(3,'Victoire saint seiya','musics/xX3ZiYqG5a3PmjUrrq77b0HRVsUL7XyHapNKXOPv.mp3','victory',1,50,'2026-01-28 20:47:51','2026-01-28 20:47:51'),(4,'Defaite saint seiya','musics/aTQQUL7TTUTZbKfOStJcKcmQGDhGYPU0MnPb4YyZ.mp3','defeat',1,50,'2026-01-28 20:48:48','2026-01-28 20:48:48');
/*!40000 ALTER TABLE `musics` ENABLE KEYS */;
UNLOCK TABLES;

--
-- Table structure for table `password_reset_tokens`
--

DROP TABLE IF EXISTS `password_reset_tokens`;
/*!40101 SET @saved_cs_client     = @@character_set_client */;
/*!50503 SET character_set_client = utf8mb4 */;
CREATE TABLE `password_reset_tokens` (
  `email` varchar(255) COLLATE utf8mb4_unicode_ci NOT NULL,
  `token` varchar(255) COLLATE utf8mb4_unicode_ci NOT NULL,
  `created_at` timestamp NULL DEFAULT NULL,
  PRIMARY KEY (`email`)
) ENGINE=InnoDB DEFAULT CHARSET=utf8mb4 COLLATE=utf8mb4_unicode_ci;
/*!40101 SET character_set_client = @saved_cs_client */;

--
-- Dumping data for table `password_reset_tokens`
--

LOCK TABLES `password_reset_tokens` WRITE;
/*!40000 ALTER TABLE `password_reset_tokens` DISABLE KEYS */;
/*!40000 ALTER TABLE `password_reset_tokens` ENABLE KEYS */;
UNLOCK TABLES;

--
-- Table structure for table `personal_access_tokens`
--

DROP TABLE IF EXISTS `personal_access_tokens`;
/*!40101 SET @saved_cs_client     = @@character_set_client */;
/*!50503 SET character_set_client = utf8mb4 */;
CREATE TABLE `personal_access_tokens` (
  `id` bigint unsigned NOT NULL AUTO_INCREMENT,
  `tokenable_type` varchar(255) COLLATE utf8mb4_unicode_ci NOT NULL,
  `tokenable_id` bigint unsigned NOT NULL,
  `name` varchar(255) COLLATE utf8mb4_unicode_ci NOT NULL,
  `token` varchar(64) COLLATE utf8mb4_unicode_ci NOT NULL,
  `abilities` text COLLATE utf8mb4_unicode_ci,
  `last_used_at` timestamp NULL DEFAULT NULL,
  `expires_at` timestamp NULL DEFAULT NULL,
  `created_at` timestamp NULL DEFAULT NULL,
  `updated_at` timestamp NULL DEFAULT NULL,
  PRIMARY KEY (`id`),
  UNIQUE KEY `personal_access_tokens_token_unique` (`token`),
  KEY `personal_access_tokens_tokenable_type_tokenable_id_index` (`tokenable_type`,`tokenable_id`)
) ENGINE=InnoDB DEFAULT CHARSET=utf8mb4 COLLATE=utf8mb4_unicode_ci;
/*!40101 SET character_set_client = @saved_cs_client */;

--
-- Dumping data for table `personal_access_tokens`
--

LOCK TABLES `personal_access_tokens` WRITE;
/*!40000 ALTER TABLE `personal_access_tokens` DISABLE KEYS */;
/*!40000 ALTER TABLE `personal_access_tokens` ENABLE KEYS */;
UNLOCK TABLES;

--
-- Table structure for table `pvp_invitations`
--

DROP TABLE IF EXISTS `pvp_invitations`;
/*!40101 SET @saved_cs_client     = @@character_set_client */;
/*!50503 SET character_set_client = utf8mb4 */;
CREATE TABLE `pvp_invitations` (
  `id` bigint unsigned NOT NULL AUTO_INCREMENT,
  `from_user_id` bigint unsigned NOT NULL,
  `to_user_id` bigint unsigned NOT NULL,
  `deck_id` bigint unsigned NOT NULL,
  `status` enum('pending','accepted','declined','expired','cancelled') COLLATE utf8mb4_unicode_ci NOT NULL DEFAULT 'pending',
  `expires_at` timestamp NOT NULL,
  `created_at` timestamp NULL DEFAULT NULL,
  `updated_at` timestamp NULL DEFAULT NULL,
  PRIMARY KEY (`id`),
  KEY `pvp_invitations_deck_id_foreign` (`deck_id`),
  KEY `pvp_invitations_to_user_id_status_index` (`to_user_id`,`status`),
  KEY `pvp_invitations_from_user_id_status_index` (`from_user_id`,`status`),
  KEY `pvp_invitations_expires_at_index` (`expires_at`),
  CONSTRAINT `pvp_invitations_deck_id_foreign` FOREIGN KEY (`deck_id`) REFERENCES `decks` (`id`) ON DELETE CASCADE,
  CONSTRAINT `pvp_invitations_from_user_id_foreign` FOREIGN KEY (`from_user_id`) REFERENCES `users` (`id`) ON DELETE CASCADE,
  CONSTRAINT `pvp_invitations_to_user_id_foreign` FOREIGN KEY (`to_user_id`) REFERENCES `users` (`id`) ON DELETE CASCADE
) ENGINE=InnoDB AUTO_INCREMENT=4 DEFAULT CHARSET=utf8mb4 COLLATE=utf8mb4_unicode_ci;
/*!40101 SET character_set_client = @saved_cs_client */;

--
-- Dumping data for table `pvp_invitations`
--

LOCK TABLES `pvp_invitations` WRITE;
/*!40000 ALTER TABLE `pvp_invitations` DISABLE KEYS */;
INSERT INTO `pvp_invitations` VALUES (1,3,4,2,'accepted','2026-02-04 11:15:31','2026-02-04 11:14:31','2026-02-04 11:14:36'),(2,3,4,2,'accepted','2026-02-04 11:26:41','2026-02-04 11:25:41','2026-02-04 11:25:45'),(3,3,4,2,'accepted','2026-02-04 11:29:19','2026-02-04 11:28:19','2026-02-04 11:28:23');
/*!40000 ALTER TABLE `pvp_invitations` ENABLE KEYS */;
UNLOCK TABLES;

--
-- Table structure for table `tournament_matches`
--

DROP TABLE IF EXISTS `tournament_matches`;
/*!40101 SET @saved_cs_client     = @@character_set_client */;
/*!50503 SET character_set_client = utf8mb4 */;
CREATE TABLE `tournament_matches` (
  `id` bigint unsigned NOT NULL AUTO_INCREMENT,
  `tournament_id` bigint unsigned NOT NULL,
  `round` int NOT NULL,
  `match_number` int NOT NULL,
  `bracket_code` varchar(255) COLLATE utf8mb4_unicode_ci DEFAULT NULL,
  `participant1_id` bigint unsigned DEFAULT NULL,
  `participant2_id` bigint unsigned DEFAULT NULL,
  `battle_id` bigint unsigned DEFAULT NULL,
  `winner_participant_id` bigint unsigned DEFAULT NULL,
  `status` enum('pending','ready','in_progress','finished','bye') COLLATE utf8mb4_unicode_ci NOT NULL DEFAULT 'pending',
  `scheduled_at` timestamp NULL DEFAULT NULL,
  `started_at` timestamp NULL DEFAULT NULL,
  `finished_at` timestamp NULL DEFAULT NULL,
  `next_match_id` bigint unsigned DEFAULT NULL,
  `created_at` timestamp NULL DEFAULT NULL,
  `updated_at` timestamp NULL DEFAULT NULL,
  PRIMARY KEY (`id`),
  UNIQUE KEY `tournament_matches_tournament_id_round_match_number_unique` (`tournament_id`,`round`,`match_number`),
  KEY `tournament_matches_participant1_id_foreign` (`participant1_id`),
  KEY `tournament_matches_participant2_id_foreign` (`participant2_id`),
  KEY `tournament_matches_battle_id_foreign` (`battle_id`),
  KEY `tournament_matches_winner_participant_id_foreign` (`winner_participant_id`),
  KEY `tournament_matches_tournament_id_round_index` (`tournament_id`,`round`),
  KEY `tournament_matches_tournament_id_status_index` (`tournament_id`,`status`),
  KEY `tournament_matches_next_match_id_foreign` (`next_match_id`),
  CONSTRAINT `tournament_matches_battle_id_foreign` FOREIGN KEY (`battle_id`) REFERENCES `battles` (`id`) ON DELETE SET NULL,
  CONSTRAINT `tournament_matches_next_match_id_foreign` FOREIGN KEY (`next_match_id`) REFERENCES `tournament_matches` (`id`) ON DELETE SET NULL,
  CONSTRAINT `tournament_matches_participant1_id_foreign` FOREIGN KEY (`participant1_id`) REFERENCES `tournament_participants` (`id`) ON DELETE SET NULL,
  CONSTRAINT `tournament_matches_participant2_id_foreign` FOREIGN KEY (`participant2_id`) REFERENCES `tournament_participants` (`id`) ON DELETE SET NULL,
  CONSTRAINT `tournament_matches_tournament_id_foreign` FOREIGN KEY (`tournament_id`) REFERENCES `tournaments` (`id`) ON DELETE CASCADE,
  CONSTRAINT `tournament_matches_winner_participant_id_foreign` FOREIGN KEY (`winner_participant_id`) REFERENCES `tournament_participants` (`id`) ON DELETE SET NULL
) ENGINE=InnoDB DEFAULT CHARSET=utf8mb4 COLLATE=utf8mb4_unicode_ci;
/*!40101 SET character_set_client = @saved_cs_client */;

--
-- Dumping data for table `tournament_matches`
--

LOCK TABLES `tournament_matches` WRITE;
/*!40000 ALTER TABLE `tournament_matches` DISABLE KEYS */;
/*!40000 ALTER TABLE `tournament_matches` ENABLE KEYS */;
UNLOCK TABLES;

--
-- Table structure for table `tournament_participants`
--

DROP TABLE IF EXISTS `tournament_participants`;
/*!40101 SET @saved_cs_client     = @@character_set_client */;
/*!50503 SET character_set_client = utf8mb4 */;
CREATE TABLE `tournament_participants` (
  `id` bigint unsigned NOT NULL AUTO_INCREMENT,
  `tournament_id` bigint unsigned NOT NULL,
  `user_id` bigint unsigned NOT NULL,
  `deck_id` bigint unsigned NOT NULL,
  `seed_position` int DEFAULT NULL,
  `bracket_position` int DEFAULT NULL,
  `status` enum('registered','active','eliminated','winner','disqualified') COLLATE utf8mb4_unicode_ci NOT NULL DEFAULT 'registered',
  `final_rank` int DEFAULT NULL,
  `wins` int NOT NULL DEFAULT '0',
  `losses` int NOT NULL DEFAULT '0',
  `registered_at` timestamp NULL DEFAULT NULL,
  `eliminated_at` timestamp NULL DEFAULT NULL,
  `created_at` timestamp NULL DEFAULT NULL,
  `updated_at` timestamp NULL DEFAULT NULL,
  PRIMARY KEY (`id`),
  UNIQUE KEY `tournament_participants_tournament_id_user_id_unique` (`tournament_id`,`user_id`),
  KEY `tournament_participants_user_id_foreign` (`user_id`),
  KEY `tournament_participants_deck_id_foreign` (`deck_id`),
  KEY `tournament_participants_tournament_id_status_index` (`tournament_id`,`status`),
  KEY `tournament_participants_tournament_id_bracket_position_index` (`tournament_id`,`bracket_position`),
  CONSTRAINT `tournament_participants_deck_id_foreign` FOREIGN KEY (`deck_id`) REFERENCES `decks` (`id`) ON DELETE CASCADE,
  CONSTRAINT `tournament_participants_tournament_id_foreign` FOREIGN KEY (`tournament_id`) REFERENCES `tournaments` (`id`) ON DELETE CASCADE,
  CONSTRAINT `tournament_participants_user_id_foreign` FOREIGN KEY (`user_id`) REFERENCES `users` (`id`) ON DELETE CASCADE
) ENGINE=InnoDB AUTO_INCREMENT=4 DEFAULT CHARSET=utf8mb4 COLLATE=utf8mb4_unicode_ci;
/*!40101 SET character_set_client = @saved_cs_client */;

--
-- Dumping data for table `tournament_participants`
--

LOCK TABLES `tournament_participants` WRITE;
/*!40000 ALTER TABLE `tournament_participants` DISABLE KEYS */;
INSERT INTO `tournament_participants` VALUES (1,1,3,2,NULL,NULL,'registered',NULL,0,0,'2026-02-04 12:27:28',NULL,'2026-02-04 12:27:28','2026-02-04 12:27:28'),(2,1,5,6,NULL,NULL,'registered',NULL,0,0,'2026-02-04 12:29:16',NULL,'2026-02-04 12:29:16','2026-02-04 12:29:16');
/*!40000 ALTER TABLE `tournament_participants` ENABLE KEYS */;
UNLOCK TABLES;

--
-- Table structure for table `tournaments`
--

DROP TABLE IF EXISTS `tournaments`;
/*!40101 SET @saved_cs_client     = @@character_set_client */;
/*!50503 SET character_set_client = utf8mb4 */;
CREATE TABLE `tournaments` (
  `id` bigint unsigned NOT NULL AUTO_INCREMENT,
  `name` varchar(255) COLLATE utf8mb4_unicode_ci NOT NULL,
  `description` text COLLATE utf8mb4_unicode_ci,
  `type` enum('single_elimination') COLLATE utf8mb4_unicode_ci NOT NULL DEFAULT 'single_elimination',
  `status` enum('draft','registration','in_progress','finished','cancelled') COLLATE utf8mb4_unicode_ci NOT NULL DEFAULT 'draft',
  `max_players` int NOT NULL DEFAULT '8',
  `current_round` int NOT NULL DEFAULT '0',
  `total_rounds` int NOT NULL DEFAULT '3',
  `registration_start_at` timestamp NULL DEFAULT NULL,
  `registration_end_at` timestamp NULL DEFAULT NULL,
  `start_at` timestamp NULL DEFAULT NULL,
  `finished_at` timestamp NULL DEFAULT NULL,
  `rewards_config` json DEFAULT NULL,
  `min_deck_cards` int NOT NULL DEFAULT '10',
  `entry_fee` int NOT NULL DEFAULT '0',
  `is_featured` tinyint(1) NOT NULL DEFAULT '0',
  `created_at` timestamp NULL DEFAULT NULL,
  `updated_at` timestamp NULL DEFAULT NULL,
  PRIMARY KEY (`id`),
  KEY `tournaments_status_index` (`status`),
  KEY `tournaments_status_registration_start_at_index` (`status`,`registration_start_at`)
) ENGINE=InnoDB AUTO_INCREMENT=2 DEFAULT CHARSET=utf8mb4 COLLATE=utf8mb4_unicode_ci;
/*!40101 SET character_set_client = @saved_cs_client */;

--
-- Dumping data for table `tournaments`
--

LOCK TABLES `tournaments` WRITE;
/*!40000 ALTER TABLE `tournaments` DISABLE KEYS */;
INSERT INTO `tournaments` VALUES (1,'tournois test','ef edfsef','single_elimination','registration',8,0,3,'2026-02-05 12:08:00','2026-02-07 12:08:00',NULL,NULL,'{\"winner_coins\": \"5000\", \"winner_title\": \"Champion du premier tournois\", \"runner_up_coins\": \"2500\", \"exclusive_card_id\": \"30\", \"semifinalist_coins\": \"1000\", \"participation_coins\": \"200\"}',7,200,1,'2026-02-04 12:08:24','2026-02-04 12:13:10');
/*!40000 ALTER TABLE `tournaments` ENABLE KEYS */;
UNLOCK TABLES;

--
-- Table structure for table `user_cards`
--

DROP TABLE IF EXISTS `user_cards`;
/*!40101 SET @saved_cs_client     = @@character_set_client */;
/*!50503 SET character_set_client = utf8mb4 */;
CREATE TABLE `user_cards` (
  `id` bigint unsigned NOT NULL AUTO_INCREMENT,
  `user_id` bigint unsigned NOT NULL,
  `card_id` bigint unsigned NOT NULL,
  `quantity` int unsigned NOT NULL DEFAULT '1',
  `fusion_level` tinyint unsigned NOT NULL DEFAULT '1',
  `obtained_at` timestamp NOT NULL DEFAULT CURRENT_TIMESTAMP,
  `created_at` timestamp NULL DEFAULT NULL,
  `updated_at` timestamp NULL DEFAULT NULL,
  PRIMARY KEY (`id`),
  UNIQUE KEY `user_cards_user_id_card_id_unique` (`user_id`,`card_id`),
  KEY `user_cards_card_id_foreign` (`card_id`),
  CONSTRAINT `user_cards_card_id_foreign` FOREIGN KEY (`card_id`) REFERENCES `cards` (`id`) ON DELETE CASCADE,
  CONSTRAINT `user_cards_user_id_foreign` FOREIGN KEY (`user_id`) REFERENCES `users` (`id`) ON DELETE CASCADE
) ENGINE=InnoDB AUTO_INCREMENT=63 DEFAULT CHARSET=utf8mb4 COLLATE=utf8mb4_unicode_ci;
/*!40101 SET character_set_client = @saved_cs_client */;

--
-- Dumping data for table `user_cards`
--

LOCK TABLES `user_cards` WRITE;
/*!40000 ALTER TABLE `user_cards` DISABLE KEYS */;
INSERT INTO `user_cards` VALUES (1,1,3,1,1,'2026-01-15 17:33:37','2026-01-15 17:33:37','2026-01-15 17:33:37'),(2,1,23,1,2,'2026-01-15 17:52:03','2026-01-15 17:52:03','2026-02-03 20:48:18'),(3,1,27,1,4,'2026-01-15 17:52:03','2026-01-15 17:52:03','2026-02-03 20:48:15'),(4,1,5,1,1,'2026-01-15 17:52:03','2026-01-15 17:52:03','2026-01-15 17:52:03'),(5,1,15,1,1,'2026-01-15 17:52:12','2026-01-15 17:52:12','2026-01-15 17:52:12'),(6,1,26,1,2,'2026-01-15 17:52:12','2026-01-15 17:52:12','2026-02-03 20:48:28'),(7,1,22,1,3,'2026-01-15 17:52:18','2026-01-15 17:52:18','2026-02-03 20:48:36'),(8,1,2,1,2,'2026-01-15 17:52:18','2026-01-15 17:52:18','2026-02-03 20:48:25'),(9,1,6,1,1,'2026-01-15 17:52:25','2026-01-15 17:52:25','2026-01-15 17:52:25'),(10,1,4,1,1,'2026-01-15 17:52:25','2026-01-15 17:52:25','2026-01-15 17:52:25'),(11,1,29,1,2,'2026-01-15 17:52:25','2026-01-15 17:52:25','2026-02-03 20:48:20'),(12,4,1,1,1,'2026-01-28 19:49:11','2026-01-28 19:49:11','2026-01-28 19:49:11'),(13,3,2,2,1,'2026-01-28 19:49:14','2026-01-28 19:49:14','2026-01-28 19:49:35'),(14,4,20,1,1,'2026-01-28 19:49:21','2026-01-28 19:49:21','2026-01-28 19:49:21'),(15,4,9,2,1,'2026-01-28 19:49:21','2026-01-28 19:49:21','2026-01-30 20:24:45'),(16,4,2,1,1,'2026-01-28 19:49:21','2026-01-28 19:49:21','2026-01-28 19:49:21'),(17,3,12,1,1,'2026-01-28 19:49:29','2026-01-28 19:49:29','2026-01-28 19:49:29'),(18,3,5,1,1,'2026-01-28 19:49:29','2026-01-28 19:49:29','2026-01-28 19:49:29'),(19,3,10,1,1,'2026-01-28 19:49:29','2026-01-28 19:49:29','2026-01-28 19:49:29'),(20,3,22,1,1,'2026-01-28 19:49:35','2026-01-28 19:49:35','2026-01-28 19:49:35'),(21,3,34,1,1,'2026-01-28 19:49:35','2026-01-28 19:49:35','2026-01-28 19:49:35'),(22,4,33,1,1,'2026-01-30 20:24:37','2026-01-30 20:24:37','2026-01-30 20:24:37'),(23,4,27,2,1,'2026-01-30 20:24:38','2026-01-30 20:24:38','2026-01-30 20:24:38'),(24,4,24,1,1,'2026-01-30 20:24:45','2026-01-30 20:24:45','2026-01-30 20:24:45'),(25,4,29,1,1,'2026-01-30 20:24:45','2026-01-30 20:24:45','2026-01-30 20:24:45'),(26,1,32,1,1,'2026-01-30 20:25:00','2026-01-30 20:25:00','2026-01-30 20:25:00'),(27,1,13,1,1,'2026-01-30 20:25:00','2026-01-30 20:25:00','2026-01-30 20:25:00'),(28,1,8,1,3,'2026-01-30 20:25:11','2026-01-30 20:25:11','2026-02-03 20:47:51'),(29,4,36,1,1,'2026-02-01 11:03:16','2026-02-01 11:03:16','2026-02-01 11:03:16'),(30,4,39,2,1,'2026-02-01 11:03:16','2026-02-01 11:03:16','2026-02-01 11:03:16'),(31,4,38,2,1,'2026-02-01 11:03:16','2026-02-01 11:03:16','2026-02-01 11:03:16'),(32,4,40,2,1,'2026-02-01 11:03:16','2026-02-01 11:03:16','2026-02-01 11:03:16'),(33,1,38,1,3,'2026-02-01 11:03:17','2026-02-01 11:03:17','2026-02-03 20:44:09'),(36,1,36,1,1,'2026-02-01 11:03:17','2026-02-01 11:03:17','2026-02-01 11:03:17'),(37,2,2,1,1,'2026-02-02 20:47:35','2026-02-02 20:47:35','2026-02-02 20:47:35'),(38,2,36,11,1,'2026-02-02 20:47:35','2026-02-02 20:47:35','2026-02-02 20:47:42'),(39,2,37,8,1,'2026-02-02 20:47:35','2026-02-02 20:47:35','2026-02-02 20:47:42'),(40,2,40,3,1,'2026-02-02 20:47:42','2026-02-02 20:47:42','2026-02-02 20:47:42'),(41,2,38,1,1,'2026-02-02 20:47:42','2026-02-02 20:47:42','2026-02-02 20:47:42'),(42,1,10,1,1,'2026-02-03 20:46:31','2026-02-03 20:46:31','2026-02-03 20:46:31'),(43,1,28,1,2,'2026-02-03 20:46:31','2026-02-03 20:46:31','2026-02-03 20:48:10'),(44,1,18,1,1,'2026-02-03 20:46:31','2026-02-03 20:46:31','2026-02-03 20:46:31'),(45,1,31,1,1,'2026-02-03 20:46:37','2026-02-03 20:46:37','2026-02-03 20:46:37'),(46,1,20,1,1,'2026-02-03 20:46:37','2026-02-03 20:46:37','2026-02-03 20:46:37'),(47,1,17,1,2,'2026-02-03 20:46:37','2026-02-03 20:46:37','2026-02-03 20:48:07'),(48,1,24,1,1,'2026-02-03 20:46:42','2026-02-03 20:46:42','2026-02-03 20:46:42'),(49,3,36,2,1,'2026-02-04 09:24:42','2026-02-04 09:24:42','2026-02-04 09:24:42'),(50,3,41,3,1,'2026-02-04 09:24:42','2026-02-04 09:24:42','2026-02-04 09:24:42'),(51,3,37,1,1,'2026-02-04 09:24:42','2026-02-04 09:24:42','2026-02-04 09:24:42'),(52,3,39,1,1,'2026-02-04 09:24:42','2026-02-04 09:24:42','2026-02-04 09:24:42'),(53,5,1,1,1,'2026-02-04 09:34:39','2026-02-04 09:34:39','2026-02-04 09:34:39'),(54,5,36,12,1,'2026-02-04 09:34:39','2026-02-04 09:34:39','2026-02-04 09:34:41'),(55,5,37,6,1,'2026-02-04 09:34:39','2026-02-04 09:34:39','2026-02-04 09:34:39'),(56,5,40,2,1,'2026-02-04 09:34:41','2026-02-04 09:34:41','2026-02-04 09:34:41'),(57,5,39,2,1,'2026-02-04 09:34:41','2026-02-04 09:34:41','2026-02-04 09:34:41'),(58,5,38,1,1,'2026-02-04 09:34:41','2026-02-04 09:34:41','2026-02-04 09:34:41'),(59,5,28,1,1,'2026-02-04 12:28:42','2026-02-04 12:28:42','2026-02-04 12:28:42'),(60,5,18,1,1,'2026-02-04 12:28:42','2026-02-04 12:28:42','2026-02-04 12:28:42'),(61,5,6,1,1,'2026-02-04 12:28:42','2026-02-04 12:28:42','2026-02-04 12:28:42'),(62,1,33,1,1,'2026-03-24 19:37:22','2026-03-24 19:37:22','2026-03-24 19:37:22');
/*!40000 ALTER TABLE `user_cards` ENABLE KEYS */;
UNLOCK TABLES;

--
-- Table structure for table `users`
--

DROP TABLE IF EXISTS `users`;
/*!40101 SET @saved_cs_client     = @@character_set_client */;
/*!50503 SET character_set_client = utf8mb4 */;
CREATE TABLE `users` (
  `id` bigint unsigned NOT NULL AUTO_INCREMENT,
  `name` varchar(255) COLLATE utf8mb4_unicode_ci NOT NULL,
  `email` varchar(255) COLLATE utf8mb4_unicode_ci NOT NULL,
  `role` enum('admin','user') COLLATE utf8mb4_unicode_ci NOT NULL DEFAULT 'user',
  `has_selected_starter` tinyint(1) NOT NULL DEFAULT '0',
  `has_completed_first_draw` tinyint(1) NOT NULL DEFAULT '0',
  `starter_bronze_id` bigint unsigned DEFAULT NULL,
  `coins` int unsigned NOT NULL DEFAULT '500',
  `wins` int unsigned NOT NULL DEFAULT '0',
  `pve_wins` int unsigned NOT NULL DEFAULT '0',
  `pvp_wins` int unsigned NOT NULL DEFAULT '0',
  `losses` int unsigned NOT NULL DEFAULT '0',
  `tournament_wins` int NOT NULL DEFAULT '0',
  `tournament_title` varchar(255) COLLATE utf8mb4_unicode_ci DEFAULT NULL,
  `tournament_points` int NOT NULL DEFAULT '0',
  `current_rank` enum('bronze','argent','or','divin') COLLATE utf8mb4_unicode_ci NOT NULL DEFAULT 'bronze',
  `last_daily_bonus_at` timestamp NULL DEFAULT NULL,
  `login_streak` tinyint unsigned NOT NULL DEFAULT '0',
  `last_login_date` date DEFAULT NULL,
  `streak_reward_claimed_today` tinyint(1) NOT NULL DEFAULT '0',
  `last_wheel_spin_at` timestamp NULL DEFAULT NULL,
  `last_weekly_card_at` timestamp NULL DEFAULT NULL,
  `last_activity_at` timestamp NULL DEFAULT NULL,
  `email_verified_at` timestamp NULL DEFAULT NULL,
  `password` varchar(255) COLLATE utf8mb4_unicode_ci NOT NULL,
  `remember_token` varchar(100) COLLATE utf8mb4_unicode_ci DEFAULT NULL,
  `current_session_id` varchar(255) COLLATE utf8mb4_unicode_ci DEFAULT NULL,
  `last_session_ip` varchar(255) COLLATE utf8mb4_unicode_ci DEFAULT NULL,
  `created_at` timestamp NULL DEFAULT NULL,
  `updated_at` timestamp NULL DEFAULT NULL,
  PRIMARY KEY (`id`),
  UNIQUE KEY `users_email_unique` (`email`),
  KEY `users_starter_bronze_id_foreign` (`starter_bronze_id`),
  CONSTRAINT `users_starter_bronze_id_foreign` FOREIGN KEY (`starter_bronze_id`) REFERENCES `cards` (`id`) ON DELETE SET NULL
) ENGINE=InnoDB AUTO_INCREMENT=6 DEFAULT CHARSET=utf8mb4 COLLATE=utf8mb4_unicode_ci;
/*!40101 SET character_set_client = @saved_cs_client */;

--
-- Dumping data for table `users`
--

LOCK TABLES `users` WRITE;
/*!40000 ALTER TABLE `users` DISABLE KEYS */;
INSERT INTO `users` VALUES (1,'Admin','admin@saint-seiya.com','admin',1,1,3,3110,5,1,0,6,0,NULL,0,'bronze','2026-03-24 19:37:18',1,'2026-03-24',1,'2026-03-22 19:08:56','2026-03-24 19:37:22','2026-03-24 20:21:28',NULL,'$2y$10$P4ezNfoXqEJMmYTXY9F4F.7gVwu67iedlYbrTYrdcCvqMcDX2HPRe',NULL,'IUQi8tdo9tXq2d4L4VDa868WM1538pyEwJOZw0bw','127.0.0.1','2026-01-04 18:31:04','2026-03-24 20:21:28'),(2,'Joueur Test','player@saint-seiya.com','user',1,1,2,500,0,0,0,0,0,NULL,0,'bronze',NULL,0,NULL,0,NULL,NULL,NULL,NULL,'$2y$10$EHrROBMW5SbG2n.8.8qrA.wi5Yrrs7uaiWHfRk/gdHGs9uY87qchK',NULL,'A0HGeNx9HaHtW4nqCXvuo5Mwt5WEefQwK6vyXusv',NULL,'2026-01-04 18:31:04','2026-02-02 20:47:42'),(3,'bidon','bidon@bidon.com','user',1,1,2,3450,4,0,0,2,0,NULL,0,'bronze','2026-02-04 09:24:53',1,'2026-02-04',1,'2026-02-04 10:04:12',NULL,'2026-02-04 12:27:54',NULL,'$2y$10$LcIF6o7ZAwImpJuM/BsHouCYHl.Qb.VkNEzBgVP2GHpBZRRutIQk.',NULL,'HLskbBVtrgG669y59QBG5lrsyhoUIkgkhkCE8Obd','127.0.0.1','2026-01-28 19:48:22','2026-02-04 12:27:54'),(4,'bidon2','bidon2@bidon2.com','user',1,1,1,1775,7,0,0,10,0,NULL,0,'bronze','2026-02-06 21:06:32',0,NULL,0,NULL,NULL,'2026-02-06 21:13:48',NULL,'$2y$10$qC.Muk54IEPFa3AoabcOI.xAup62Xynd0RZul6breSxCNunXm6MUO',NULL,'rWmc6Hox6so1E6GqixfKLd8f1gX1W6zTNybwIsCZ','127.0.0.1','2026-01-28 19:49:05','2026-02-06 21:13:48'),(5,'bidon3','bidon3@bidon3.com','user',1,1,1,800,2,0,0,1,0,NULL,0,'bronze','2026-02-06 20:49:26',1,'2026-02-06',1,'2026-02-04 12:28:25',NULL,'2026-02-06 21:13:58',NULL,'$2y$10$C4zXbORxnULCBZSQF9BPp.rjNuBqNEahctyQhTh85lL7TcbpEJa82',NULL,'SZkSDQqCIt80i5jV5qZ1DzQd0JCIKx0Pk9S7cYrU','127.0.0.1','2026-02-04 09:31:54','2026-02-06 21:13:58');
/*!40000 ALTER TABLE `users` ENABLE KEYS */;
UNLOCK TABLES;
/*!40103 SET TIME_ZONE=@OLD_TIME_ZONE */;

/*!40101 SET SQL_MODE=@OLD_SQL_MODE */;
/*!40014 SET FOREIGN_KEY_CHECKS=@OLD_FOREIGN_KEY_CHECKS */;
/*!40014 SET UNIQUE_CHECKS=@OLD_UNIQUE_CHECKS */;
/*!40101 SET CHARACTER_SET_CLIENT=@OLD_CHARACTER_SET_CLIENT */;
/*!40101 SET CHARACTER_SET_RESULTS=@OLD_CHARACTER_SET_RESULTS */;
/*!40101 SET COLLATION_CONNECTION=@OLD_COLLATION_CONNECTION */;
/*!40111 SET SQL_NOTES=@OLD_SQL_NOTES */;

-- Dump completed on 2026-03-26 20:07:13
